{
    "0": {
        "flight": 0.051212749953878416,
        "food": 0.038375159525984866,
        "air": 0.032378001715368115,
        "service": 0.03236828778874577,
        "time": 0.03171528036960295,
        "good": 0.030697735898233717,
        "airline": 0.030608741210699453,
        "seat": 0.029577807575859833,
        "fly": 0.029434361083302076,
        "staff": 0.024142298468425267
    },
    "1": {
        "china": 0.11648609090962081,
        "air": 0.1065400360976067,
        "flight": 0.08063564752097961,
        "food": 0.062400492991844934,
        "service": 0.060952717494817385,
        "fly": 0.058527045178495864,
        "good": 0.05692822669687841,
        "airline": 0.05674435019519877,
        "time": 0.04535049242552753,
        "seat": 0.04001682077502148
    }
}