{
    "0": {
        "flight": 0.05272338202565853,
        "delta": 0.04789385014527055,
        "time": 0.039313174183931,
        "fly": 0.03798957436079177,
        "delay": 0.03370141193199604,
        "tell": 0.03267190181194843,
        "customer": 0.031597863367568445,
        "service": 0.03149039513185273,
        "wait": 0.030219043438095314,
        "airport": 0.027834738804721374
    },
    "1": {
        "flight": 0.05566653785678485,
        "seat": 0.051400532254012976,
        "good": 0.04632293344168746,
        "delta": 0.04367052358793761,
        "food": 0.04148059888374669,
        "fly": 0.03638445268486168,
        "service": 0.034813922559477295,
        "time": 0.03406369614037387,
        "crew": 0.031668779166539006,
        "class": 0.030270478201165695
    }
}