{
    "0": {
        "flight": 0.05509901861438513,
        "airline": 0.0399745980208234,
        "food": 0.039939783601146285,
        "service": 0.035728589619890665,
        "good": 0.03423669711674277,
        "time": 0.03396360560383889,
        "fly": 0.03277135004335173,
        "seat": 0.03143172290990691,
        "eastern": 0.030095204132572075,
        "plane": 0.024788420921768143
    },
    "1": {
        "bali": 0.1336153403564527,
        "flight": 0.0526744203288983,
        "time": 0.0506009244342631,
        "fly": 0.04665525523070577,
        "eastern": 0.04334765835196442,
        "get": 0.039794910522497,
        "entertainment": 0.039108155440068765,
        "airline": 0.03898240045219115,
        "denpasar": 0.03167092879829177,
        "pick": 0.030664970359807305
    }
}