{
    "0": {
        "flight": 0.04430840411934752,
        "lufthansa": 0.0384096361872967,
        "service": 0.033382117818969874,
        "customer": 0.03300400381004502,
        "time": 0.03114042718554053,
        "airport": 0.029984246926212203,
        "delay": 0.028435943190535065,
        "tell": 0.026967803663806918,
        "wait": 0.02632892128902005,
        "check": 0.025702219526230467
    },
    "1": {
        "lufthansa": 0.07321527039670685,
        "flight": 0.07169976762318754,
        "seat": 0.06739707310387522,
        "good": 0.06509056148643554,
        "food": 0.0559486165148976,
        "service": 0.05363929408046617,
        "comfortable": 0.0520054775772742,
        "fly": 0.04811945540106028,
        "crew": 0.04606499075564085,
        "friendly": 0.0460038982163632
    },
    "2": {
        "wine": 0.04206761068591062,
        "food": 0.03779047999013749,
        "flight": 0.03621910307619584,
        "seat": 0.03611863314433009,
        "lufthansa": 0.034947956473107826,
        "serve": 0.03170665112797597,
        "service": 0.030909202144472864,
        "good": 0.030722763709288257,
        "class": 0.02814760788147266,
        "meal": 0.028025667775981884
    }
}