{
    "0": {
        "flight": 0.03903466976835264,
        "airline": 0.03383198557463944,
        "time": 0.0289094003836309,
        "tell": 0.028233129583489894,
        "delay": 0.027352207163099367,
        "eastern": 0.02720810468501802,
        "check": 0.02522408253858556,
        "bad": 0.02503829066624001,
        "airport": 0.02499588153723828,
        "wait": 0.02399597168785857
    },
    "1": {
        "flight": 0.061827298488840075,
        "good": 0.05483209269922909,
        "seat": 0.05428692736717517,
        "food": 0.05304906785289826,
        "service": 0.04741132052286936,
        "class": 0.041663614127605386,
        "business": 0.04003150572646849,
        "entertainment": 0.03885694955791056,
        "fly": 0.03807528323185202,
        "overall": 0.03658445719945648
    },
    "2": {
        "wine": 0.07928869042735692,
        "beer": 0.0469783736052356,
        "flight": 0.044114842797580746,
        "good": 0.04255694221254401,
        "food": 0.038428207587605,
        "seat": 0.03781240431289524,
        "time": 0.037218512670274845,
        "meal": 0.035264427890238426,
        "service": 0.030483089208743097,
        "choice": 0.02976514197698884
    }
}