{
    "0": {
        "flight": 0.04391314142558904,
        "air": 0.03517632407641995,
        "time": 0.0319310522771546,
        "airline": 0.030832315290454163,
        "airport": 0.03009328738609626,
        "service": 0.027751190422217447,
        "delay": 0.02708042393458204,
        "fly": 0.026015536191628927,
        "bad": 0.025951054532705842,
        "china": 0.025060889860900375
    },
    "1": {
        "food": 0.12050490249529527,
        "flight": 0.10738299025784961,
        "good": 0.09110954520389068,
        "service": 0.0766541856407076,
        "seat": 0.07012639695106201,
        "comfortable": 0.05553333856207964,
        "meal": 0.047727313641207726,
        "fly": 0.046625720976590915,
        "entertainment": 0.0460387083467012,
        "staff": 0.04567392733507494
    }
}