{
    "0": {
        "flight": 0.012670602649450302,
        "fly": 0.007539539132267237,
        "airline": 0.007139487657696009,
        "eastern": 0.007051463238894939,
        "service": 0.006502533331513405,
        "food": 0.005967277567833662,
        "bad": 0.005791581701487303,
        "staff": 0.00522168492898345,
        "seat": 0.0051093981601297855,
        "give": 0.0049157943576574326
    },
    "1": {
        "flight": 0.011737220920622349,
        "airline": 0.006811809726059437,
        "staff": 0.006732608191668987,
        "eastern": 0.006600320339202881,
        "service": 0.006500056013464928,
        "time": 0.006376876961439848,
        "check": 0.005892130546271801,
        "ask": 0.004988113883882761,
        "board": 0.004940696991980076,
        "arrive": 0.004614749923348427
    },
    "2": {
        "flight": 0.014890762977302074,
        "airline": 0.010041340254247189,
        "time": 0.008551390841603279,
        "service": 0.007689599879086018,
        "bad": 0.00759406853467226,
        "eastern": 0.00758785055950284,
        "staff": 0.007437809370458126,
        "delay": 0.0072436463087797165,
        "airport": 0.007091800682246685,
        "seat": 0.007034855429083109
    },
    "3": {
        "flight": 0.00592013169080019,
        "fly": 0.004207046236842871,
        "plane": 0.003930941689759493,
        "sit": 0.0036624842323362827,
        "apology": 0.0032647023908793926,
        "time": 0.003234459552913904,
        "tell": 0.003170266980305314,
        "review": 0.0031417016871273518,
        "know": 0.003053440945222974,
        "way": 0.002993561327457428
    },
    "4": {
        "flight": 0.018006110563874245,
        "food": 0.016813764348626137,
        "seat": 0.013404551893472672,
        "good": 0.012822926975786686,
        "time": 0.012329204007983208,
        "service": 0.010707370005548,
        "entertainment": 0.0096620237454772,
        "fly": 0.009380916133522987,
        "eastern": 0.00822294969111681,
        "airline": 0.00796524528414011
    }
}