{
    "0": {
        "seat": 0.017157334834337234,
        "airline": 0.016802459955215454,
        "flight": 0.016787391155958176,
        "fly": 0.015554925426840782,
        "pay": 0.015334025956690311,
        "ticket": 0.014160203747451305,
        "customer": 0.011391188949346542,
        "service": 0.010960469953715801,
        "class": 0.010113196447491646,
        "charge": 0.008081324398517609
    },
    "1": {
        "flight": 0.015051465481519699,
        "gate": 0.012849455699324608,
        "wait": 0.011351332999765873,
        "tell": 0.01132997963577509,
        "plane": 0.0112450011074543,
        "arrive": 0.010000226087868214,
        "get": 0.009881874546408653,
        "time": 0.009598080068826675,
        "airport": 0.00945714209228754,
        "go": 0.008872583508491516
    },
    "2": {
        "pasta": 0.02532305009663105,
        "dessert": 0.024920932948589325,
        "delicious": 0.015334085561335087,
        "lavatory": 0.01326027512550354,
        "market": 0.01309418585151434,
        "ontario": 0.012465270236134529,
        "bos": 0.012342170812189579,
        "refurbish": 0.01210054662078619,
        "solid": 0.010446123778820038,
        "suit": 0.01044513564556837
    },
    "3": {
        "flight": 0.03171587735414505,
        "delay": 0.025004146620631218,
        "airline": 0.02134350687265396,
        "fly": 0.021169302985072136,
        "time": 0.018425218760967255,
        "cancel": 0.014508225955069065,
        "service": 0.014384123496711254,
        "bad": 0.01420366857200861,
        "customer": 0.013972180895507336,
        "miss": 0.011877612210810184
    },
    "4": {
        "des": 0.012212513014674187,
        "moine": 0.012212513014674187,
        "describe": 0.008211247622966766,
        "impolite": 0.007272949907928705,
        "lately": 0.0070465630851686,
        "glitch": 0.007038093637675047,
        "liquid": 0.006766574457287788,
        "utter": 0.0065377214923501015,
        "monopoly": 0.006269764620810747,
        "desperately": 0.0062149204313755035
    },
    "5": {
        "wind": 0.021052932366728783,
        "packet": 0.017735309898853302,
        "crisp": 0.011184087954461575,
        "dining": 0.00725959800183773,
        "hobby": 0.0069246068596839905,
        "saving": 0.006733907852321863,
        "scatter": 0.006460437551140785,
        "creative": 0.006397363264113665,
        "unreasonable": 0.005685518030077219,
        "ferry": 0.005356030538678169
    },
    "6": {
        "water": 0.030087020248174667,
        "attendant": 0.013968068175017834,
        "blanket": 0.012783659622073174,
        "offer": 0.0122381541877985,
        "food": 0.011918160133063793,
        "coffee": 0.011464081704616547,
        "glass": 0.009781296364963055,
        "snack": 0.00965904165059328,
        "drink": 0.009549513459205627,
        "serve": 0.008730139583349228
    },
    "7": {
        "call": 0.013843443244695663,
        "customer": 0.012141226790845394,
        "tell": 0.011299990117549896,
        "service": 0.009987900033593178,
        "phone": 0.009427242912352085,
        "ticket": 0.008550150319933891,
        "receive": 0.00835468526929617,
        "flight": 0.008068077266216278,
        "email": 0.007811055518686771,
        "say": 0.0076989964582026005
    },
    "8": {
        "flight": 0.010481554083526134,
        "airline": 0.008072911761701107,
        "fly": 0.007377113681286573,
        "plane": 0.0071106464602053165,
        "passenger": 0.006869838573038578,
        "attendant": 0.006731782108545303,
        "people": 0.006465342827141285,
        "seat": 0.006456221919506788,
        "time": 0.006372661329805851,
        "staff": 0.0061682891100645065
    },
    "9": {
        "bag": 0.040193043649196625,
        "check": 0.038983460515737534,
        "carry": 0.028166303411126137,
        "baggage": 0.01334482990205288,
        "fly": 0.013236667029559612,
        "overhead": 0.01296199206262827,
        "luggage": 0.012584042735397816,
        "rude": 0.011905340477824211,
        "plane": 0.010670614428818226,
        "ask": 0.01066418644040823
    },
    "10": {
        "flight": 0.019709361717104912,
        "seat": 0.016889134421944618,
        "food": 0.013489332981407642,
        "service": 0.012135924771428108,
        "good": 0.011916651390492916,
        "aa": 0.010768309235572815,
        "cabin": 0.010671554133296013,
        "crew": 0.01054503582417965,
        "time": 0.009974454529583454,
        "fly": 0.00994968693703413
    },
    "11": {
        "montreal": 0.011014346964657307,
        "active": 0.009428041987121105,
        "unbelievably": 0.009082800708711147,
        "lima": 0.007975710555911064,
        "shuffle": 0.007623458281159401,
        "sigh": 0.007046855986118317,
        "east": 0.007044974714517593,
        "downside": 0.006887135561555624,
        "worst": 0.006304337177425623,
        "unhelpful": 0.006090870127081871
    }
}