{
    "0": {
        "nrt": 0.008805111050605774,
        "class": 0.008793603628873825,
        "seat": 0.008412439376115799,
        "passenger": 0.007077771704643965,
        "delta": 0.006408624816685915,
        "use": 0.005641725845634937,
        "long": 0.005545484367758036,
        "service": 0.005347154568880796,
        "spouse": 0.005244900938123465,
        "purchase": 0.0050514936447143555
    },
    "1": {
        "gso": 0.005531501490622759,
        "brilliant": 0.0052026985213160515,
        "shrug": 0.004625637084245682,
        "shoulder": 0.004566736984997988,
        "importantly": 0.0039012006018310785,
        "program": 0.003895615926012397,
        "diamond": 0.0037640181835740805,
        "human": 0.0036787311546504498,
        "phl": 0.003180266823619604,
        "republic": 0.0031785431783646345
    },
    "2": {
        "business": 0.014312328770756721,
        "class": 0.013357313349843025,
        "food": 0.010797109454870224,
        "seat": 0.009560439735651016,
        "flat": 0.008803298696875572,
        "service": 0.008154353126883507,
        "lounge": 0.0080487672239542,
        "flight": 0.0074699618853628635,
        "breakfast": 0.006924199406057596,
        "cabin": 0.006239902228116989
    },
    "3": {
        "flight": 0.011154895648360252,
        "service": 0.010551182553172112,
        "delta": 0.007794864010065794,
        "dl": 0.006188169587403536,
        "fly": 0.006163755897432566,
        "seat": 0.0060869622975587845,
        "narita": 0.005364502780139446,
        "experience": 0.005151174496859312,
        "land": 0.0047450740821659565,
        "flat": 0.004547443240880966
    },
    "4": {
        "flight": 0.02050565741956234,
        "delay": 0.01677778922021389,
        "time": 0.014113133773207664,
        "arrive": 0.013090662658214569,
        "plane": 0.01284237764775753,
        "delta": 0.012367857620120049,
        "wait": 0.009891483932733536,
        "gate": 0.009884588420391083,
        "fly": 0.009532270953059196,
        "board": 0.008776883594691753
    },
    "5": {
        "check": 0.01354978233575821,
        "bag": 0.01250351220369339,
        "carry": 0.010996969416737556,
        "baggage": 0.010008268058300018,
        "boarding": 0.00818608608096838,
        "greet": 0.005916235502809286,
        "claim": 0.005286874249577522,
        "flight": 0.005225814878940582,
        "item": 0.0049867182970047,
        "luggage": 0.004968827124685049
    },
    "6": {
        "flight": 0.022172054275870323,
        "seat": 0.018544860184192657,
        "delta": 0.014808314852416515,
        "good": 0.014341264963150024,
        "fly": 0.01305317785590887,
        "food": 0.012499854899942875,
        "time": 0.0114132696762681,
        "service": 0.010817231610417366,
        "entertainment": 0.008996107615530491,
        "crew": 0.008902464993298054
    },
    "7": {
        "flight": 0.018578728660941124,
        "delta": 0.017131229862570763,
        "fly": 0.012324310839176178,
        "time": 0.009999656118452549,
        "customer": 0.009635810740292072,
        "tell": 0.009580427780747414,
        "service": 0.009458319284021854,
        "airline": 0.007695700041949749,
        "delay": 0.007441173307597637,
        "plane": 0.0067818001843988895
    }
}