{
    "0": {
        "flight": 0.012097584083676338,
        "air": 0.010470736771821976,
        "time": 0.008879824541509151,
        "airline": 0.008768082596361637,
        "fly": 0.006212229374796152,
        "staff": 0.005741203669458628,
        "china": 0.00552383391186595,
        "experience": 0.005178277380764484,
        "check": 0.005088691599667072,
        "service": 0.004795864224433899
    },
    "1": {
        "flight": 0.013853087089955807,
        "air": 0.010678199119865894,
        "airline": 0.008658915758132935,
        "service": 0.008449227549135685,
        "time": 0.008443132042884827,
        "bad": 0.0077580721117556095,
        "staff": 0.007450161036103964,
        "delay": 0.00739867752417922,
        "fly": 0.007225448731333017,
        "china": 0.006832323968410492
    },
    "2": {
        "flight": 0.014129945077002048,
        "air": 0.013137925416231155,
        "food": 0.012007434852421284,
        "china": 0.009717639535665512,
        "airline": 0.008485069498419762,
        "service": 0.007991516031324863,
        "bad": 0.007688583340495825,
        "fly": 0.007438859902322292,
        "staff": 0.006780208088457584,
        "seat": 0.006401811260730028
    },
    "3": {
        "flight": 0.016499975696206093,
        "seat": 0.014126150868833065,
        "food": 0.013997506350278854,
        "good": 0.010853251442313194,
        "air": 0.010167545638978481,
        "time": 0.009903903119266033,
        "service": 0.00925713125616312,
        "entertainment": 0.008914472535252571,
        "class": 0.008266797289252281,
        "fly": 0.007496582344174385
    },
    "4": {
        "flight": 0.012798634357750416,
        "bad": 0.007920768111944199,
        "air": 0.007795042358338833,
        "fly": 0.00764518603682518,
        "staff": 0.007368010934442282,
        "time": 0.007308401633054018,
        "airline": 0.0067274910397827625,
        "food": 0.006528501398861408,
        "delay": 0.005973720923066139,
        "china": 0.005739114712923765
    }
}