{
    "0": {
        "flight": 0.017894253134727478,
        "seat": 0.010694559663534164,
        "service": 0.0100641380995512,
        "food": 0.009039563126862049,
        "cdg": 0.008537700399756432,
        "time": 0.008356660604476929,
        "good": 0.008256868459284306,
        "crew": 0.007634478621184826,
        "staff": 0.007170003838837147,
        "fly": 0.006428362336009741
    },
    "1": {
        "seat": 0.012404301203787327,
        "flight": 0.011647261679172516,
        "cdg": 0.010106289759278297,
        "good": 0.009327977895736694,
        "food": 0.00882488489151001,
        "time": 0.008285357616841793,
        "class": 0.008006795309484005,
        "service": 0.007741155568510294,
        "business": 0.007388998754322529,
        "economy": 0.005851040594279766
    },
    "2": {
        "flight": 0.012537834234535694,
        "air": 0.012201989069581032,
        "france": 0.008646258153021336,
        "time": 0.008267370983958244,
        "check": 0.007945439778268337,
        "fly": 0.006832238752394915,
        "airline": 0.0067961495369672775,
        "service": 0.006343187764286995,
        "get": 0.006215020548552275,
        "baggage": 0.006175489630550146
    },
    "3": {
        "flight": 0.012474768795073032,
        "tell": 0.009149182587862015,
        "air": 0.009112415835261345,
        "time": 0.008231321349740028,
        "wait": 0.0074457949958741665,
        "airport": 0.007315139751881361,
        "france": 0.007249074522405863,
        "delay": 0.007041062694042921,
        "arrive": 0.006582827772945166,
        "plane": 0.006303701084107161
    },
    "4": {
        "flight": 0.018248843029141426,
        "seat": 0.015385464765131474,
        "food": 0.014319303445518017,
        "fly": 0.012065373361110687,
        "good": 0.011499795131385326,
        "cdg": 0.011468909680843353,
        "air": 0.010942930355668068,
        "service": 0.010394884273409843,
        "crew": 0.009636948816478252,
        "time": 0.00828236248344183
    }
}