{
    "0": {
        "flight": 0.015379728749394417,
        "lufthansa": 0.013089756481349468,
        "time": 0.008964477106928825,
        "delay": 0.0087438328191638,
        "service": 0.008666747249662876,
        "airport": 0.008619530126452446,
        "customer": 0.007819783873856068,
        "fly": 0.007344467099756002,
        "airline": 0.0071580782532691956,
        "check": 0.007136303931474686
    },
    "1": {
        "flight": 0.017163993790745735,
        "service": 0.015879511833190918,
        "seat": 0.01579292304813862,
        "food": 0.015727240592241287,
        "good": 0.015006179921329021,
        "class": 0.013880125246942043,
        "lh": 0.013243417255580425,
        "lufthansa": 0.010054155252873898,
        "business": 0.0095290532335639,
        "time": 0.009437637403607368
    },
    "2": {
        "flight": 0.011576923541724682,
        "fra": 0.010405397973954678,
        "food": 0.008490489795804024,
        "time": 0.007948244921863079,
        "new": 0.006397119257599115,
        "screen": 0.005950870458036661,
        "crew": 0.005721709690988064,
        "return": 0.005694015882909298,
        "departure": 0.00556923495605588,
        "class": 0.005517630837857723
    },
    "3": {
        "flight": 0.020916534587740898,
        "seat": 0.017658209428191185,
        "entertainment": 0.01753963716328144,
        "good": 0.017368633300065994,
        "service": 0.015683447942137718,
        "lh": 0.015506546944379807,
        "food": 0.014662686735391617,
        "system": 0.012055929750204086,
        "new": 0.010258452035486698,
        "economy": 0.00921189971268177
    },
    "4": {
        "flight": 0.015829995274543762,
        "serve": 0.012207137420773506,
        "time": 0.011118103750050068,
        "drink": 0.009787464514374733,
        "seat": 0.009750221855938435,
        "service": 0.009727450087666512,
        "lufthansa": 0.009531310759484768,
        "water": 0.00910244695842266,
        "lh": 0.008554630912840366,
        "passenger": 0.006955752149224281
    },
    "5": {
        "flight": 0.02160564437508583,
        "seat": 0.018290244042873383,
        "good": 0.017562616616487503,
        "service": 0.01723163202404976,
        "lufthansa": 0.01632915809750557,
        "lh": 0.013887281529605389,
        "friendly": 0.011748136021196842,
        "time": 0.01162881962954998,
        "food": 0.010783718898892403,
        "class": 0.01064282190054655
    }
}