{
    "0": {
        "relaxing": 0.006619339343160391,
        "eater": 0.005356671754270792,
        "have": 0.005350612103939056,
        "queen": 0.004688021261245012,
        "hasn": 0.0046810912899672985,
        "ub": 0.0043108221143484116,
        "gets": 0.0042090811766684055,
        "impatient": 0.004172455985099077,
        "child": 0.004050159361213446,
        "norm": 0.0038657868281006813
    },
    "1": {
        "flight": 0.015853092074394226,
        "air": 0.01213441975414753,
        "airline": 0.01175123080611229,
        "delay": 0.009959733113646507,
        "time": 0.009803922846913338,
        "china": 0.009305300191044807,
        "fly": 0.008757933974266052,
        "airport": 0.008671624585986137,
        "check": 0.0077850609086453915,
        "bad": 0.007506219670176506
    },
    "2": {
        "dreadful": 0.006370709277689457,
        "attractive": 0.005763362627476454,
        "blow": 0.0054885041899979115,
        "backwards": 0.005140671040862799,
        "incompetent": 0.004720216151326895,
        "procedure": 0.0039858631789684296,
        "nicely": 0.0039824978448450565,
        "delivery": 0.0038961416576057673,
        "accompany": 0.0038015751633793116,
        "worst": 0.003720841370522976
    },
    "3": {
        "food": 0.014315021224319935,
        "seat": 0.01426449604332447,
        "flight": 0.013831556774675846,
        "class": 0.011506634764373302,
        "service": 0.011459782719612122,
        "business": 0.011196798644959927,
        "fly": 0.007191275246441364,
        "meal": 0.007166279945522547,
        "lounge": 0.007074303925037384,
        "cabin": 0.006944272667169571
    },
    "4": {
        "customer": 0.010396639816462994,
        "delay": 0.009557200595736504,
        "flight": 0.009430039674043655,
        "tell": 0.009342198260128498,
        "air": 0.009198980405926704,
        "cancel": 0.008851987309753895,
        "china": 0.00874054804444313,
        "call": 0.008200888521969318,
        "service": 0.007939137518405914,
        "arrive": 0.00787757895886898
    },
    "5": {
        "flight": 0.011579570360481739,
        "food": 0.007355443201959133,
        "cabin": 0.00719689903780818,
        "carrier": 0.006612262688577175,
        "service": 0.006374924443662167,
        "staff": 0.006293940357863903,
        "long": 0.0062384526245296,
        "airline": 0.0060048410668969154,
        "poor": 0.005928900092840195,
        "air": 0.005893542431294918
    },
    "6": {
        "flight": 0.012983155436813831,
        "air": 0.00905530620366335,
        "airline": 0.008998984470963478,
        "food": 0.008387678302824497,
        "time": 0.007957481779158115,
        "fly": 0.007653047796338797,
        "airport": 0.006445372011512518,
        "bad": 0.006371375173330307,
        "seat": 0.006093818228691816,
        "good": 0.005809220485389233
    },
    "7": {
        "flight": 0.03756514564156532,
        "food": 0.033688485622406006,
        "good": 0.03340228646993637,
        "service": 0.02693585678935051,
        "air": 0.020423443987965584,
        "fly": 0.019428804516792297,
        "airline": 0.017642684280872345,
        "seat": 0.017185337841510773,
        "time": 0.015508555807173252,
        "entertainment": 0.015427070669829845
    },
    "8": {
        "flight": 0.018937550485134125,
        "check": 0.013154693879187107,
        "time": 0.011442515067756176,
        "boarding": 0.009734313003718853,
        "seat": 0.008460739627480507,
        "food": 0.007958006113767624,
        "arrive": 0.007687076926231384,
        "luggage": 0.007633118890225887,
        "airport": 0.007613234221935272,
        "passenger": 0.007340169977396727
    }
}