{
    "0": {
        "comfortable": 0.0213226327282308,
        "seat": 0.020220263810202393,
        "good": 0.01956067591951317,
        "cabin": 0.01896191387386317,
        "food": 0.017876421325691668,
        "class": 0.01725707331747362,
        "crew": 0.01570957861200032,
        "drink": 0.01567008203126249,
        "friendly": 0.015029335107496754,
        "entertainment": 0.014238089550991965
    },
    "1": {
        "tell": 0.010821964356557908,
        "say": 0.01062849043017247,
        "ask": 0.010279828430281315,
        "go": 0.009741959006057229,
        "airport": 0.009687632684583359,
        "wait": 0.009058087992059718,
        "know": 0.008838361213281699,
        "get": 0.00872732491142369,
        "finally": 0.008711845585225685,
        "customer": 0.008668223358621363
    },
    "2": {
        "delay": 0.062211482418496604,
        "flight": 0.041234316273877664,
        "time": 0.037465047100974286,
        "miss": 0.034012650589911125,
        "connect": 0.031024761449896684,
        "fly": 0.029064241176323568,
        "airline": 0.028725751691084236,
        "connection": 0.028217158100174982,
        "cancel": 0.024749134803482297,
        "change": 0.022664988283028327
    },
    "3": {
        "bag": 0.04535328375608629,
        "carry": 0.03855118562652229,
        "check": 0.0342051041842159,
        "baggage": 0.02235715673556309,
        "luggage": 0.02193064659973186,
        "overhead": 0.021209734040338397,
        "fit": 0.018855539562921197,
        "fly": 0.017442854952937816,
        "rude": 0.016603796646289894,
        "airline": 0.016050976403596897
    },
    "4": {
        "seat": 0.05351761126616253,
        "uncomfortable": 0.05237683811070457,
        "fly": 0.026595170215825855,
        "flight": 0.02480519743684345,
        "airline": 0.024694400330163183,
        "cramp": 0.023398818437393283,
        "attendant": 0.023135462136891195,
        "service": 0.020953453241646863,
        "middle": 0.01989043123991374,
        "phoenix": 0.01947137487947996
    },
    "5": {
        "rude": 0.027806503190472533,
        "ask": 0.022926722148149947,
        "say": 0.019943225249162,
        "customer": 0.01756420976826408,
        "rudely": 0.016859745080184983,
        "tell": 0.01524547584663392,
        "attitude": 0.014896041490015362,
        "don": 0.014230756208788857,
        "yell": 0.013870055686502914,
        "like": 0.013422417106686887
    },
    "6": {
        "mask": 0.07458336423574377,
        "distancing": 0.054491238073320535,
        "wear": 0.05396915310626957,
        "social": 0.04654990256185008,
        "covid": 0.04113327761011789,
        "pandemic": 0.03981761412689796,
        "seat": 0.027625424833816397,
        "middle": 0.025068224072026135,
        "nose": 0.02438496729292537,
        "pack": 0.024005851555735626
    },
    "7": {
        "child": 0.04369893151146539,
        "stroller": 0.03534064542465723,
        "family": 0.028780808211314297,
        "infant": 0.027826915102664752,
        "daughter": 0.027569501007675475,
        "travel": 0.02576571154968085,
        "kid": 0.025081615217363757,
        "young": 0.021614486012720098,
        "baby": 0.0200497202495173,
        "toddler": 0.0187450636304198
    },
    "8": {
        "refund": 0.05401158096624305,
        "call": 0.03652530855074572,
        "cancel": 0.03086748255809659,
        "credit": 0.030015496182609534,
        "ticket": 0.026918675080082426,
        "request": 0.01978239741729993,
        "pay": 0.019570951771604395,
        "customer": 0.01938880233551526,
        "service": 0.018036986780174978,
        "reservation": 0.01753045345695349
    },
    "9": {
        "bag": 0.07423840933179911,
        "baggage": 0.058049211637051214,
        "delay": 0.03717825266443339,
        "flight": 0.03591095248909148,
        "claim": 0.03548318662498353,
        "check": 0.034658263402231555,
        "fly": 0.03432465770884218,
        "wait": 0.03291327131646662,
        "time": 0.03104978840915884,
        "late": 0.029426275425431962
    },
    "10": {
        "hotel": 0.03240699528697949,
        "voucher": 0.026433115015117043,
        "delay": 0.02282170451670301,
        "airport": 0.022649444867125543,
        "miss": 0.021935990826198577,
        "flight": 0.021041788051285842,
        "connect": 0.020396978863544888,
        "wait": 0.018494123882586002,
        "offer": 0.018154939684705596,
        "fly": 0.017727195420357916
    },
    "11": {
        "nightmare": 0.07333367476602481,
        "pm": 0.020859917546016037,
        "hotel": 0.019929357926371967,
        "cancel": 0.018740303020630764,
        "delay": 0.018622945240037585,
        "day": 0.017684674301756756,
        "flight": 0.017443047139527462,
        "arrive": 0.0171879024779958,
        "taxi": 0.017144684212210704,
        "voucher": 0.016691013347174426
    },
    "12": {
        "try": 0.05929673608011512,
        "customer": 0.035333036916811666,
        "service": 0.029868431794769907,
        "flight": 0.028796495013095755,
        "delay": 0.026770610614206804,
        "bad": 0.025257693444270125,
        "time": 0.022008402653860303,
        "miss": 0.022007323085900775,
        "fly": 0.021626367099545112,
        "airline": 0.021614663904547866
    },
    "13": {
        "arrive": 0.02452275145894402,
        "wait": 0.02195399362643453,
        "give": 0.021707968891134546,
        "come": 0.01862478149801352,
        "connect": 0.018579986887056494,
        "gate": 0.01854984810626846,
        "voucher": 0.018521858014462062,
        "airport": 0.01846762517980235,
        "intercom": 0.018432683064491247,
        "board": 0.018043771203024445
    },
    "14": {
        "snack": 0.04366702502977102,
        "water": 0.02396279191995299,
        "offer": 0.020859399665323807,
        "drink": 0.0198810672144555,
        "beverage": 0.01885561777972246,
        "bottle": 0.017307908127032312,
        "passenger": 0.016126097930040113,
        "attendant": 0.016111854941953607,
        "bag": 0.01604114594979136,
        "soon": 0.01599422608023814
    },
    "15": {
        "manchester": 0.09582585481011466,
        "entertainment": 0.03325305431064951,
        "seat": 0.02703365763518188,
        "food": 0.02652133141617493,
        "uncomfortable": 0.024869967613255238,
        "bad": 0.020494239853056314,
        "tv": 0.019791621884617024,
        "flight": 0.019372026355792556,
        "rude": 0.018794656513411185,
        "cabin": 0.018456816368739283
    },
    "16": {
        "husband": 0.06627043955186056,
        "fly": 0.01770147141438516,
        "take": 0.017569766061623956,
        "plane": 0.01650480568992464,
        "joke": 0.015894746278808478,
        "change": 0.015693001942495836,
        "know": 0.01566337333921368,
        "didn": 0.015236588339662092,
        "get": 0.015045734720764516,
        "flight": 0.014886516152274659
    },
    "17": {
        "call": 0.026064609802533778,
        "voicemail": 0.020866582141562937,
        "cancel": 0.02045379328357989,
        "tell": 0.019825012800396707,
        "customer": 0.018687488208952132,
        "flight": 0.017678073067797385,
        "agent": 0.01708357049755636,
        "airport": 0.016866375908822895,
        "phone": 0.0166556617304028,
        "delay": 0.016592412308635174
    },
    "18": {
        "apology": 0.05948653276751679,
        "compensation": 0.04298146965342085,
        "offer": 0.03882330734446441,
        "cancel": 0.029926689202418186,
        "airport": 0.028620416734252693,
        "hour": 0.02495218724644974,
        "flight": 0.024641032809179755,
        "tell": 0.023428486521565355,
        "rude": 0.02338691466031142,
        "miss": 0.02292538781534836
    },
    "19": {
        "customer": 0.02366899289945842,
        "time": 0.02081371749627474,
        "staff": 0.02040662102296952,
        "joke": 0.018173614320585348,
        "fly": 0.01810891356881432,