{
    "0": {
        "the": 0.1016053382222046,
        "to": 0.08463063340208053,
        "and": 0.07430246272328767,
        "was": 0.06244826527315865,
        "in": 0.04834299456951508,
        "flight": 0.04531440440604083,
        "of": 0.04500774866794334,
        "for": 0.03989830817822305,
        "on": 0.03968120785568958,
        "china": 0.036648583795273706
    },
    "1": {
        "the": 0.11104870033101376,
        "and": 0.08777044924896957,
        "was": 0.08498911852023074,
        "flight": 0.06003933324605783,
        "to": 0.05112835940183274,
        "food": 0.04823888993333263,
        "very": 0.044760879314328664,
        "good": 0.04431548919048199,
        "of": 0.043312234574222376,
        "on": 0.04284380145772081
    }
}