{
    "0": {
        "flight": 0.0363805738258666,
        "good": 0.035666106914226024,
        "seat": 0.035340372326093356,
        "comfortable": 0.034174042436999084,
        "lufthansa": 0.03371218638344381,
        "food": 0.030712256133058613,
        "crew": 0.0302022361751902,
        "service": 0.027343336041295047,
        "friendly": 0.02687899582442971,
        "fly": 0.026654953306411638
    },
    "1": {
        "customer": 0.03043578093881445,
        "cancel": 0.026652318799310747,
        "call": 0.023685059073281934,
        "email": 0.022827250987221517,
        "refund": 0.021995900696565603,
        "tell": 0.020952999016752374,
        "book": 0.019875724143184583,
        "flight": 0.0196381104970917,
        "ticket": 0.01875827522779869,
        "service": 0.018499589763662165
    },
    "2": {
        "business": 0.031081915374604526,
        "seat": 0.02919452417175496,
        "economy": 0.02907523274709848,
        "class": 0.027451018596041,
        "flight": 0.026031588088178154,
        "lufthansa": 0.02554614598506913,
        "wifi": 0.025426258495564107,
        "good": 0.024347951947543817,
        "service": 0.02289686686030694,
        "entertainment": 0.021142192744853017
    },
    "3": {
        "wine": 0.07079391870345264,
        "class": 0.027480631345335543,
        "food": 0.026214179458602348,
        "sparkle": 0.024834817446146434,
        "good": 0.024795580066389388,
        "seat": 0.02348519281500399,
        "service": 0.023385054389024697,
        "business": 0.021412556863108057,
        "great": 0.02125287195658502,
        "cabin": 0.020725881887339558
    },
    "4": {
        "munich": 0.08206098585204155,
        "good": 0.033296811847648766,
        "flight": 0.032367772787741306,
        "seat": 0.029785090623778147,
        "review": 0.029150535050054827,
        "lufthansa": 0.02787876911645374,
        "lh": 0.026197067351146977,
        "friendly": 0.02589004420438693,
        "food": 0.025647012515170844,
        "verify": 0.02544885502813383
    },
    "5": {
        "luggage": 0.055975447961716385,
        "baggage": 0.04856437942528499,
        "bag": 0.046031003433109396,
        "lose": 0.04196434313862764,
        "customer": 0.03898138586881064,
        "pay": 0.030162390595864064,
        "lufthansa": 0.026146563062900346,
        "tell": 0.026028976269083518,
        "rude": 0.02567674860687724,
        "check": 0.02513212263170466
    },
    "6": {
        "free": 0.043782577167971376,
        "drink": 0.034783116001471145,
        "flight": 0.02391062208623616,
        "short": 0.022145772068144026,
        "good": 0.02126482404275041,
        "lufthansa": 0.021010817272381372,
        "friendly": 0.020897812548331323,
        "departure": 0.020742773126335715,
        "food": 0.020625813098077234,
        "terminal": 0.020558336383830558
    },
    "7": {
        "cheese": 0.036004176939695376,
        "breakfast": 0.017728393201926953,
        "serve": 0.017648364610080396,
        "offer": 0.015205688682337386,
        "meal": 0.015087770926543136,
        "seat": 0.014473212831338324,
        "crew": 0.0144220986434006,
        "choice": 0.013507110287869509,
        "boarding": 0.01318601940970618,
        "long": 0.01317354452811222
    },
    "8": {
        "board": 0.0163823769100747,
        "passenger": 0.015259922338274745,
        "check": 0.015107556055257286,
        "stand": 0.014776733679897538,
        "gate": 0.014521368046070206,
        "try": 0.014470591195190617,
        "close": 0.013136507810839708,
        "flyer": 0.013002690389655378,
        "family": 0.01271251070307037,
        "seat": 0.01270358788592776
    },
    "9": {
        "fly": 0.030779654143715817,
        "expect": 0.030143109804396023,
        "lufthansa": 0.028492408386789278,
        "pay": 0.026999151475979425,
        "cost": 0.02679387538168535,
        "airline": 0.02613483927637764,
        "service": 0.025963211689106598,
        "disappointment": 0.025211000658869966,
        "low": 0.025083211924206247,
        "food": 0.021718123710654378
    },
    "10": {
        "star": 0.027102132871521203,
        "priority": 0.021179403363756788,
        "boarding": 0.017987003286600967,
        "passenger": 0.017591317183027557,
        "crew": 0.017213992842231945,
        "lounge": 0.016211343991729396,
        "alliance": 0.015407459559481154,
        "time": 0.015390276989960027,
        "cabin": 0.015077804598441255,
        "business": 0.014900075395287106
    },
    "11": {
        "water": 0.08199612889241402,
        "bottle": 0.05141788303701516,
        "drink": 0.047527015482352025,
        "chocolate": 0.04270250170243849,
        "cup": 0.034765847129317684,
        "high": 0.03387832884813811,
        "service": 0.032048706555603074,
        "difference": 0.029949066667911736,
        "light": 0.029716267975583334,
        "poor": 0.029339282467705355
    },
    "12": {
        "arrive": 0.03797260998478107,
        "desk": 0.03274200614226254,
        "delay": 0.032172030361558454,
        "later": 0.03126707593212015,
        "voucher": 0.030766581905885305,
        "connection": 0.030643887294738898,
        "give": 0.030105444336335954,
        "connect": 0.028892386313526277,
        "airport": 0.028868773128383853,
        "late": 0.02858073254888799
    },
    "13": {
        "gate": 0.06848570894792658,
        "delay": 0.06829199352290286,
        "lufthansa": 0.058656430206797304,
        "baggage": 0.053542771261795116,
        "flight": 0.05063936382478413,
        "time": 0.04857228595531037,
        "plane": 0.04490025826954171,
        "wait": 0.04354369648400127,
        "leg": 0.043242826321601265,
        "min": 0.04316755599824621
    },
    "14": {
        "row": 0.025474102709539138,
        "entertainment": 0.023578653618795187,
        "business": 0.023527163658543487,
        "class": 0.019729356611776678,
        "seat": 0.01948368846300517,
        "economy": 0.019234460325260314,
        "bad": 0.018970252650295318,
        "passenger": 0.0185177496245129,
        "pay": 0.01796848733452497,
        "lufthansa": 0.017607831744233766
    },
    "15": {
        "boarding": 0.025920202361268064,
        "crew": 0.023920316662174545,
        "rude": 0.023266604264925515,
        "bus": 0.023163337158652743,
        "delay": 0.02182756535980822,
        "plane": 0.021526608131347286,
        "aircraft": 0.021227193115117726,
        "pilot": 0.02104912148619139,
        "lh": 0.01964965215792845,
        "sympathy": 0.019638158297744485
    },
    "16": {
        "crew": 0.03268769683280561,
        "seat": 0.029821406523746177,
        "pilot": 0.029417868933404038,
        "nice": 0.026350265547082936,
        "sit": 0.025401713797273334,
        "upper": 0.02492205405509014,
        "deck": 0.023689865809318655,
        "great": 0.023599805110434156,
        "flight": 0.023266734730306222,
        "cabin": 0.023188973243147788
    },
    "17": {
        "lax": 0.12208343312684374,
        "lh": 0.07332364806104852,
        "entertainment": 0.06898358962066845,
        "new": 0.06350605317678606,
        "movie": 0.06210755554863471,
        "seat": 0.05359259508438977,
        "food": 0.050342085851962454,
        "good": 0.049018310406702605,
        "fra": 0.04887909125638541,
        "inflight": 0.04887749531019847
    },
    "18": {
        "sauce": 0.052443935649904745,
        "tasteless": 0.035292118842971364,
        "tomato": 0.035292118842971364,
        "pasta": 0.033356067516424254,
        "food": 0.029862420102149772,
        "meal": 0.029028928521761692,
        "vegetable": 0.02646908913222852,
        "roll": 0.024958890652281268,
        "serve": 0.024739022068743344,
        "uncomfortable": 0.024149133300568372
    },
    "19": {
        "try": 0.06534644442887462,
        "miss": 0.04951928885319221,
        "cause": 0.03280416370018723,
        "flight": 0.029838579231508556,
        "ticket": 0.029310298018038822,