{
    "0": {
        "seat": 0.030642174331272323,
        "flight": 0.03001658849689551,
        "good": 0.02932640844076311,
        "food": 0.026894142913908254,
        "delta": 0.024447017793733646,
        "fly": 0.021395447668163585,
        "service": 0.021365677801868474,
        "crew": 0.02119019905111745,
        "entertainment": 0.020823999251776797,
        "class": 0.020387341263926172
    },
    "1": {
        "tell": 0.018856255682814956,
        "delta": 0.018493355663396337,
        "ask": 0.01808181010606936,
        "say": 0.017181795771972756,
        "flight": 0.016720219116373013,
        "airport": 0.016476515763362957,
        "time": 0.01614206617342729,
        "customer": 0.016018886741393203,
        "go": 0.014808042798133622,
        "service": 0.014507332434630432
    },
    "2": {
        "delay": 0.07331899786686914,
        "flight": 0.060147262206193555,
        "time": 0.053278669056027385,
        "delta": 0.050834830469126555,
        "fly": 0.050488166588109486,
        "wait": 0.04387878826300255,
        "airline": 0.03909644697655305,
        "hour": 0.03732733382234493,
        "plane": 0.03405040899009881,
        "miss": 0.032263048318497876
    },
    "3": {
        "bag": 0.07248509535926632,
        "check": 0.051556332197418696,
        "luggage": 0.03732644251129459,
        "carry": 0.03454096690165415,
        "fly": 0.033649477151290436,
        "flight": 0.032596682986177565,
        "delta": 0.03112773008851787,
        "tell": 0.02873995544173798,
        "room": 0.02697191006959322,
        "plane": 0.024963400147148426
    },
    "4": {
        "call": 0.04694342349470918,
        "try": 0.046578313050097596,
        "customer": 0.041891870549988434,
        "delta": 0.038615021216187796,
        "flight": 0.03705093234012101,
        "service": 0.035276541379251236,
        "refund": 0.0316779968973453,
        "fly": 0.030983630767649397,
        "credit": 0.029492317890415204,
        "cancel": 0.02862277151294856
    },
    "5": {
        "wait": 0.0377552929831486,
        "delay": 0.03615096617348754,
        "flight": 0.035468941028868606,
        "time": 0.03261932476370486,
        "connect": 0.032374710603068055,
        "airport": 0.029463466758405405,
        "minute": 0.028110031794814323,
        "board": 0.027423012779126014,
        "tell": 0.026688183069580183,
        "arrive": 0.02621197908781035
    },
    "6": {
        "husband": 0.04124804363313585,
        "flight": 0.037247012067255315,
        "thank": 0.03714024738615984,
        "attendant": 0.035615453588460834,
        "fly": 0.03229800053323316,
        "delta": 0.030826028532666243,
        "feel": 0.02966885302592869,
        "family": 0.027470558240493426,
        "want": 0.02725448911211965,
        "professional": 0.02677397724562796
    },
    "7": {
        "child": 0.03565512605261829,
        "kid": 0.034469807711521534,
        "family": 0.03351467774348067,
        "flight": 0.03295805284216327,
        "ticket": 0.03293037242212278,
        "change": 0.031176981393593445,
        "pay": 0.03079383129855066,
        "gate": 0.03022574497427121,
        "seat": 0.029670550089269637,
        "delta": 0.029374627329792985
    },
    "8": {
        "rude": 0.10034082407204062,
        "delta": 0.06602000515163987,
        "fly": 0.06066320452139227,
        "flight": 0.05643719517978139,
        "service": 0.05552553083521132,
        "customer": 0.051808512418190955,
        "employee": 0.04917462470536892,
        "bad": 0.04440489545447382,
        "attendant": 0.04197280491090972,
        "impolite": 0.040578133219694126
    },
    "9": {
        "try": 0.07466229591853879,
        "customer": 0.04156917406816078,
        "flight": 0.036400607626371255,
        "service": 0.03500480331540546,
        "fly": 0.03149483844889469,
        "book": 0.029990864203194134,
        "plane": 0.029955060429840075,
        "experience": 0.028235595002824725,
        "delta": 0.027747203378974697,
        "help": 0.02748187882951651
    },
    "10": {
        "wheelchair": 0.09391553891364293,
        "service": 0.05753779580585845,
        "delta": 0.05130944520085363,
        "employee": 0.05095673058082654,
        "flight": 0.04605496811233879,
        "time": 0.04381756333985885,
        "impressed": 0.04145326145102532,
        "connect": 0.03767105015166647,
        "help": 0.03670247647280764,
        "wonderful": 0.03376001583866448
    },
    "11": {
        "seat": 0.12345378004979735,
        "delta": 0.10555579467246319,
        "pay": 0.10327857022385963,
        "upgrade": 0.08146667650284511,
        "fly": 0.07987502152073993,
        "ticket": 0.05916656560186959,
        "money": 0.05746046112648717,
        "ride": 0.05447772623025858,
        "partner": 0.05228434073306898,
        "bag": 0.04779460552589109
    },
    "12": {
        "refund": 0.04276039209672617,
        "text": 0.040008511349163355,
        "cancel": 0.03830034285313219,
        "receive": 0.03746226200745036,
        "hour": 0.03677840244260456,
        "home": 0.03314869490493517,
        "currently": 0.03144640368513027,
        "option": 0.03139411784900134,
        "change": 0.031067818293475824,
        "delta": 0.030735363742864282
    }
}