{
    "0": {
        "flight": 0.028402570832429284,
        "tell": 0.02699211840187679,
        "delay": 0.023734457217820557,
        "customer": 0.02367975102873145,
        "say": 0.023010457641625726,
        "arrive": 0.022983766199854535,
        "air": 0.022905846680804334,
        "airport": 0.022867735990912724,
        "time": 0.022299481275993276,
        "luggage": 0.020646088168496293
    },
    "1": {
        "flight": 0.03434137002743612,
        "service": 0.024956832778366245,
        "time": 0.024613397045713997,
        "cdg": 0.024229871226990145,
        "fly": 0.022539415094874556,
        "seat": 0.021497297974069976,
        "air": 0.020970289537449848,
        "check": 0.019920700953990234,
        "crew": 0.019580655992701958,
        "attendant": 0.018664019634099353
    },
    "2": {
        "seat": 0.023524167559750845,
        "cabin": 0.018769893974172985,
        "good": 0.017690375210389575,
        "economy": 0.017125677657637724,
        "cdg": 0.016863662602044076,
        "food": 0.016846070007919784,
        "class": 0.016569350521094435,
        "flight": 0.016287979193014137,
        "service": 0.015412089629106533,
        "serve": 0.015259747511569654
    },
    "3": {
        "wine": 0.06081185418679141,
        "champagne": 0.056587090113864175,
        "food": 0.04210982155788598,
        "good": 0.04145654648892178,
        "comfortable": 0.03903837797347709,
        "seat": 0.038974043765361184,
        "service": 0.03827065167809732,
        "excellent": 0.03817043636422547,
        "air": 0.03676797958547093,
        "friendly": 0.03616450012503181
    },
    "4": {
        "cheese": 0.04812956488283485,
        "wine": 0.0473181727440259,
        "good": 0.02828247234461256,
        "seat": 0.02653525353031015,
        "food": 0.026063845276610098,
        "service": 0.021781695359166357,
        "class": 0.0216479340394557,
        "serve": 0.019398095586953778,
        "flight": 0.01888253842472883,
        "choice": 0.01816240028208919
    },
    "5": {
        "food": 0.07016337971396878,
        "seat": 0.06743618355376635,
        "flight": 0.06703046659128806,
        "attendant": 0.05939682622480243,
        "fly": 0.052243334127040894,
        "comfortable": 0.05094491585239458,
        "good": 0.048175309899842554,
        "friendly": 0.04449768800761579,
        "enjoy": 0.041510377617254804,
        "air": 0.04039305708755934
    },
    "6": {
        "snack": 0.048171948928866594,
        "food": 0.046749859352121885,
        "flight": 0.045360249353144366,
        "drink": 0.042774196147876406,
        "service": 0.04219463699157488,
        "serve": 0.03914293956284697,
        "crew": 0.037376736069366694,
        "poor": 0.03662007131370525,
        "meal": 0.03426934879203357,
        "seat": 0.028124559735812057
    },
    "7": {
        "beverage": 0.11552373892738527,
        "min": 0.10910910551671459,
        "flight": 0.07741775439235932,
        "clean": 0.07524768594150294,
        "enjoy": 0.07457796656659338,
        "cabin": 0.07303614507114238,
        "fly": 0.06774922493650672,
        "aircraft": 0.06515001718685119,
        "hot": 0.06369066441712712,
        "croissant": 0.062193914143733514
    },
    "8": {
        "comfortable": 0.046498451572518265,
        "snack": 0.04472529420571587,
        "good": 0.036211062912629446,
        "seat": 0.03481636752121391,
        "service": 0.034580977607478684,
        "flight": 0.034066168637490235,
        "cabin": 0.03380764025273178,
        "experience": 0.03155791892932862,
        "drink": 0.030888468514372713,
        "surprisingly": 0.03075019627827024
    },
    "9": {
        "good": 0.06509520031082165,
        "cdg": 0.06316124130649498,
        "flight": 0.0521264012205389,
        "entertainment": 0.05097429042457211,
        "overall": 0.04282163179822082,
        "excellent": 0.04162176375557318,
        "staff": 0.0373290082458924,
        "fly": 0.03684405742878874,
        "food": 0.036159908142222495,
        "system": 0.03551625276136476
    },
    "10": {
        "kg": 0.10271124403998304,
        "weigh": 0.09143332596048344,
        "carry": 0.08765062880478013,
        "bag": 0.08724609694257059,
        "euro": 0.0868740588692732,
        "check": 0.08125004175839852,
        "weight": 0.0787958723297815,
        "overweight": 0.062297023426408506,
        "luggage": 0.06209243183052245,
        "baggage": 0.05985789830836937
    }
}