{
    "0": {
        "flight": 0.031693200862643565,
        "airline": 0.02861555148417741,
        "time": 0.02502397631320326,
        "tell": 0.024888705794158594,
        "eastern": 0.022830086286321563,
        "delay": 0.021905279208053432,
        "check": 0.021792350369255926,
        "airport": 0.020936047851249764,
        "say": 0.02079967593412441,
        "service": 0.020680125037228395
    },
    "1": {
        "flight": 0.057129591068391855,
        "food": 0.052898824552245156,
        "good": 0.0503263278418379,
        "seat": 0.048438057814865855,
        "service": 0.041790173585396426,
        "entertainment": 0.03992102942453924,
        "crew": 0.03700033125761164,
        "time": 0.03612444086691599,
        "fly": 0.03581037218163149,
        "pvg": 0.03202417308905298
    },
    "2": {
        "wine": 0.06871209079696913,
        "flight": 0.04326190012412,
        "food": 0.04113934011842461,
        "beer": 0.040347161994406126,
        "sydney": 0.039338598071756076,
        "good": 0.03780487186459157,
        "seat": 0.03679740450121763,
        "time": 0.034028296135388374,
        "service": 0.030563529022743688,
        "cabin": 0.028313491633602486
    },
    "3": {
        "seat": 0.039913325044458624,
        "cabin": 0.03551613832250542,
        "flight": 0.03411084951835794,
        "good": 0.03319541627178723,
        "food": 0.03149212596885076,
        "entertainment": 0.03138280506017499,
        "offer": 0.027792522565182762,
        "lot": 0.027604546568801302,
        "meal": 0.027028857622793022,
        "service": 0.026836992657422093
    },
    "4": {
        "luggage": 0.03850147300086609,
        "experience": 0.03603974022452131,
        "eastern": 0.03569130361461623,
        "flight": 0.03509608236082881,
        "check": 0.03455289840092758,
        "attendant": 0.034548093740681025,
        "nightmare": 0.0338166097525398,
        "wife": 0.03231197851493649,
        "airport": 0.03169449992923042,
        "customer": 0.030411439288201614
    }
}