{
    "0": {
        "flight": 0.05922899104633059,
        "service": 0.040413765094497865,
        "food": 0.03891259140999767,
        "seat": 0.03840148361249113,
        "good": 0.03827670194670845,
        "air": 0.035942449858797396,
        "time": 0.03564397530456979,
        "fly": 0.03503317313500592,
        "airline": 0.029723540903363335,
        "france": 0.025885456018970833
    },
    "1": {
        "gluten": 0.2106862833100989,
        "free": 0.13111212872047084,
        "meal": 0.09222415088340925,
        "flight": 0.050415489130786854,
        "fly": 0.04915587107764282,
        "food": 0.043844729078199585,
        "option": 0.04294636804068964,
        "air": 0.04174844669216826,
        "celiac": 0.03963828535370882,
        "airline": 0.03729426005804603
    },
    "2": {
        "tahiti": 0.202925080900772,
        "flight": 0.06158082421417351,
        "lax": 0.04706509743630068,
        "business": 0.0469300303702757,
        "good": 0.04666013712983695,
        "seat": 0.04661068897442122,
        "food": 0.046345553499719076,
        "class": 0.04536608237625238,
        "fly": 0.04342340797820925,
        "crew": 0.04054940077544162
    }
}