{
    "0": {
        "flight": 0.04367048472626375,
        "air": 0.03561018651641206,
        "food": 0.03287444892573122,
        "time": 0.03069070645199472,
        "seat": 0.030494347321966844,
        "service": 0.029186695932044756,
        "airline": 0.029039521392264116,
        "staff": 0.027240257182176108,
        "fly": 0.027188792644285167,
        "china": 0.02558241189083051
    },
    "1": {
        "luggage": 0.08195832660304612,
        "flight": 0.0667948954000708,
        "food": 0.058614744024109294,
        "service": 0.04977359746637311,
        "cabin": 0.04607414619430428,
        "poor": 0.04286433429637743,
        "time": 0.042357537737058665,
        "bad": 0.040193514220199685,
        "air": 0.04000029452588696,
        "arrive": 0.039422290202909015
    },
    "2": {
        "airport": 0.06813872857630192,
        "food": 0.05494232148697222,
        "degree": 0.05328126866915411,
        "delay": 0.04829003889281659,
        "flight": 0.04816150556629561,
        "hotel": 0.046356291736755345,
        "air": 0.04591118395916124,
        "bad": 0.044851484950878026,
        "china": 0.04417321077411524,
        "vancouver": 0.04282101479481873
    }
}