{
    "0": {
        "flight": 0.05067549878124074,
        "lufthansa": 0.039340352302484304,
        "service": 0.038445799180009274,
        "good": 0.03508832156142847,
        "time": 0.033247588824488604,
        "seat": 0.032288854443432255,
        "food": 0.03209245396545078,
        "fly": 0.0319580607506423,
        "airline": 0.029447086337417664,
        "plane": 0.021817982959544104
    },
    "1": {
        "gluten": 0.2341854275158405,
        "free": 0.13223252771679364,
        "meal": 0.06832429656873693,
        "flight": 0.05907595282376733,
        "food": 0.05147997709689288,
        "crew": 0.0385972188991871,
        "lufthansa": 0.038345398716312415,
        "good": 0.03775688913124013,
        "fly": 0.03645447737305596,
        "long": 0.03103904843278745
    },
    "2": {
        "barcelona": 0.21826158892372285,
        "flight": 0.05907595282376733,
        "seat": 0.05288994870929353,
        "lufthansa": 0.051355444709346984,
        "good": 0.047196111414050175,
        "meal": 0.04521460802342885,
        "fly": 0.04177075532329329,
        "economy": 0.04108082409790312,
        "comfortable": 0.038226984610725614,
        "efficient": 0.036478882439561836
    },
    "3": {
        "allergy": 0.21367334505328595,
        "eat": 0.07390019706918564,
        "allergic": 0.07363342169470025,
        "food": 0.06959358417276286,
        "flight": 0.062064384608152216,
        "peanut": 0.05575824521715043,
        "attendant": 0.05436108634591034,
        "son": 0.04593896905783694,
        "nut": 0.042255825199437935,
        "reaction": 0.04203250041532272
    }
}