{
    "0": {
        "food": 0.012480894689729143,
        "seat": 0.012261749339922466,
        "drink": 0.012150576176202493,
        "meal": 0.011972840666960314,
        "serve": 0.01136936174556954,
        "flight": 0.011104754029553526,
        "like": 0.011023177695920764,
        "time": 0.0101481158475571,
        "passenger": 0.010033935757354315,
        "airline": 0.00989418413717157
    },
    "1": {
        "wine": 0.06795470212290002,
        "beer": 0.0388836333265498,
        "red": 0.025586127546040244,
        "glass": 0.02277892766401305,
        "white": 0.022028503976630347,
        "choice": 0.020841772777099525,
        "flight": 0.02083550156829855,
        "seat": 0.02049508062908137,
        "drink": 0.020411934341412037,
        "food": 0.020316084789015653
    },
    "2": {
        "delay": 0.07112013268730319,
        "food": 0.055822824645740766,
        "flight": 0.044441061957958945,
        "service": 0.03849529322324992,
        "good": 0.03596076847416892,
        "airline": 0.03276941717853393,
        "departure": 0.027115248279942255,
        "time": 0.02683413834431638,
        "meal": 0.023147030205415222,
        "serve": 0.022189664017801827
    },
    "3": {
        "china": 0.07549327624674092,
        "eastern": 0.05946347998614252,
        "time": 0.03262715526923645,
        "fly": 0.03248485377396897,
        "service": 0.03127241165107577,
        "flight": 0.030959104095013023,
        "good": 0.02777508766551369,
        "airline": 0.025285460578789345,
        "food": 0.023542306111559892,
        "staff": 0.022121661336183006
    },
    "4": {
        "boarding": 0.019727552998896874,
        "eastern": 0.018420800222742284,
        "gate": 0.01657658273619591,
        "board": 0.014689368087889565,
        "airport": 0.014225315236637635,
        "plane": 0.01356866394172702,
        "check": 0.012821778166894907,
        "pass": 0.012527997284060415,
        "wait": 0.011897062210102607,
        "passenger": 0.011427142866420362
    },
    "5": {
        "sydney": 0.04088706948079089,
        "melbourne": 0.035158338462236385,
        "auckland": 0.027182069956754106,
        "food": 0.020987977452922867,
        "fly": 0.02053108048082714,
        "good": 0.020297290772656813,
        "flight": 0.01990716325563572,
        "service": 0.019244666567488102,
        "excellent": 0.01909820680104691,
        "entertainment": 0.016889977963558567
    },
    "6": {
        "vegetarian": 0.04750991458513658,
        "meal": 0.04380649973982788,
        "rice": 0.04279798712211915,
        "food": 0.03878629969923338,
        "flight": 0.037646979228556615,
        "serve": 0.034322553270453984,
        "airline": 0.03242484605369527,
        "good": 0.030397628131785374,
        "crew": 0.02971703049009433,
        "friendly": 0.028288629292750316
    },
    "7": {
        "delay": 0.09385289841088251,
        "flight": 0.04641135534525762,
        "time": 0.03850986987414966,
        "late": 0.032409501818697596,
        "airport": 0.031428731646797,
        "airline": 0.0291895648817193,
        "reason": 0.02696260056337477,
        "fly": 0.02508482916908801,
        "bad": 0.021699667237939303,
        "explanation": 0.021423804066952327
    },
    "8": {
        "tell": 0.008915147107060557,
        "way": 0.008714437130755854,
        "airport": 0.008601422637871161,
        "say": 0.008546915006980493,
        "go": 0.008427073340419283,
        "help": 0.00833672478961356,
        "take": 0.008314057831547372,
        "return": 0.00805074548111871,
        "passenger": 0.00802769346498823,
        "leave": 0.00792234798412396
    },
    "9": {
        "service": 0.021532987238335046,
        "overall": 0.02078554842219386,
        "business": 0.02023139647455506,
        "flight": 0.02014424262346934,
        "nice": 0.019671838698713456,
        "good": 0.019466379053171702,
        "class": 0.0191558695721397,
        "seat": 0.018476999767168458,
        "fly": 0.01772153828502194,
        "lounge": 0.016819071675341385
    },
    "10": {
        "tell": 0.029546946077203207,
        "hotel": 0.02623017891718312,
        "cancel": 0.023280824243143632,
        "transfer": 0.021758551419687414,
        "airport": 0.021690251418212018,
        "hour": 0.021462020799231367,
        "delay": 0.020973699363183135,
        "flight": 0.02084516272940366,
        "wait": 0.020455251457745537,
        "airline": 0.020384731343454206
    },
    "11": {
        "movie": 0.08040321610059316,
        "food": 0.0482506045753378,
        "great": 0.0410152111145859,
        "screen": 0.03959620875374446,
        "tv": 0.035374783302733345,
        "flight": 0.034456915332085204,
        "good": 0.03428049014272681,
        "game": 0.033155417719851886,
        "selection": 0.030942899435315196,
        "entertainment": 0.030696255404982574
    },
    "12": {
        "seat": 0.07402941935285809,
        "comfortable": 0.062304398866998685,
        "room": 0.04188379617376162,
        "food": 0.04131295007964059,
        "leg": 0.041082055156907195,
        "service": 0.039172810383979115,
        "space": 0.037988308569347665,
        "good": 0.037380638816503844,
        "flight": 0.02988891284234591,
        "small": 0.028549570608454842
    },
    "13": {
        "food": 0.06476038898001912,
        "attendant": 0.0604470810284748,
        "speak": 0.053194426575971857,
        "flight": 0.042581292040066464,
        "service": 0.04074841579470782,
        "bad": 0.034471922833085616,
        "friendly": 0.028714684077966002,
        "poor": 0.02773061466023759,
        "serve": 0.026641959063444912,
        "plane": 0.02609358450332119
    },
    "14": {
        "cancel": 0.04997686458466556,
        "customer": 0.040416690103566924,
        "refund": 0.038786995701763353,
        "call": 0.032769688342805005,
        "bad": 0.030362524315571286,
        "ticket": 0.029371175054015902,
        "airline": 0.029173221340352155,
        "service": 0.028199911490626464,
        "flight": 0.02728551126120969,
        "contact": 0.02672024201141274
    },
    "15": {
        "mode": 0.03946925397552943,
        "movie": 0.02990683739880364,
        "music": 0.02916490272661485,
        "airplane": 0.02732978571093517,
        "entertainment": 0.02696775849223095,
        "phone": 0.026781811723365603,
        "usb": 0.023967620712268496,
        "listen": 0.023324130760100793,
        "ipod": 0.023265912983287014,
        "use": 0.02207747724071074
    },
    "16": {
        "review": 0.040398428622743905,
        "service": 0.029471489490513585,
        "flight": 0.027777800039354934,
        "class": 0.026989124787512808,
        "price": 0.0269666812077097,
        "experience": 0.02672237755433467,
        "read": 0.025187250009992113,
        "attendant": 0.024506645140343817,
        "seat": 0.024173175213180825,
        "good": 0.023769727285000486
    },
    "17": {
        "pay": 0.02362988149615275,
        "lose": 0.02339302823484802,
        "eastern": 0.022430750586488673,
        "money": 0.020679591041130672,
        "compensation": 0.020576195496100853,
        "ticket": 0.020061103066286428,
        "day": 0.019810709018997234,
        "customer": 0.01859139986048348,
        "miss": 0.01770412578081247,
        "agent": 0.016941858344493244
    },
    "18": {
        "eastern": 0.034948285557974856,
        "airport": 0.033370956636205804,
        "delay": 0.029364357406173422,
        "wait": 0.027537020396417273,
        "flight": 0.020806888519952577,
        "connection": 0.019476692988110066,
        "staff": 0.018109225170872125,
        "china": 0.018025080002733083,
        "service": 0.0172913689495895,
        "weather": 0.017232749050895578
    },
    "19": {
        "price": 0.1376804222040125,
        "service": 0.05974500821145773,
        "food": 0.059727352205886076,
        "good": 0.057761803752792044,
        "ok": 0.05577935149571932,