{
    "0": {
        "flight": 0.05262076471922948,
        "service": 0.036211262755189204,
        "seat": 0.035392976090899336,
        "food": 0.035105039875113285,
        "good": 0.034207895290868866,
        "air": 0.03283219382967833,
        "time": 0.03250132525194493,
        "fly": 0.031971630773207284,
        "airline": 0.02662526912479377,
        "france": 0.023943311360689366
    },
    "1": {
        "gluten": 0.20354796427982305,
        "free": 0.12774255999556478,
        "meal": 0.09005805098769447,
        "fly": 0.044549708636413624,
        "flight": 0.04448681514175705,
        "option": 0.04195823412763194,
        "airline": 0.03834467697259293,
        "air": 0.038200252865311216,
        "food": 0.03712384636565221,
        "celiac": 0.035778221625517706
    },
    "2": {
        "tahiti": 0.18244797914392857,
        "flight": 0.055342449458645124,
        "lax": 0.05228233801489388,
        "food": 0.04640480795706527,
        "class": 0.04159546631636564,
        "good": 0.038387213653521414,
        "business": 0.037673122688269875,
        "crew": 0.03669178500772442,
        "fly": 0.03509977044081073,
        "bread": 0.034132751984955925
    },
    "3": {
        "bogota": 0.20924509929407953,
        "flight": 0.06104242043283408,
        "long": 0.05162079586604522,
        "plane": 0.047474648835830455,
        "good": 0.0463216548704723,
        "experience": 0.04275930111961351,
        "air": 0.04125072677833063,
        "france": 0.039976062345919154,
        "service": 0.03955451712889161,
        "haul": 0.03939593317450194
    }
}