{
    "0": {
        "flight": 0.05326404622172152,
        "food": 0.040392124466849026,
        "air": 0.038403134741771906,
        "service": 0.03483984718295888,
        "time": 0.03387120922475518,
        "airline": 0.03362360734767441,
        "good": 0.032799761120990735,
        "fly": 0.032681842504700465,
        "seat": 0.03218004359027476,
        "staff": 0.02588622378845292
    },
    "1": {
        "phuket": 0.1382252735015665,
        "leg": 0.0561478552478286,
        "fly": 0.055359428291779866,
        "good": 0.05530333284848038,
        "air": 0.05211285505177367,
        "flight": 0.050357069313097705,
        "pay": 0.04740297857858693,
        "seat": 0.04333168488820662,
        "room": 0.042462407156533745,
        "old": 0.04136989118131145
    }
}