{
    "0": {
        "beat": 0.015314658172428608,
        "convert": 0.011512956582009792,
        "sweat": 0.00966046191751957,
        "array": 0.007870863191783428,
        "dad": 0.0077357483096420765,
        "ontime": 0.007270005997270346,
        "marvelous": 0.006079560611397028,
        "dairy": 0.006047396454960108,
        "noticeably": 0.005635607521981001,
        "cumbersome": 0.005451436620205641
    },
    "1": {
        "seat": 0.02681807428598404,
        "flight": 0.01806667633354664,
        "food": 0.013937615789473057,
        "leg": 0.01195893157273531,
        "economy": 0.011518996208906174,
        "room": 0.009935346432030201,
        "plane": 0.00956173986196518,
        "meal": 0.008992561139166355,
        "good": 0.007829275913536549,
        "long": 0.00767223397269845
    },
    "2": {
        "town": 0.012728322297334671,
        "professionalism": 0.010951974429190159,
        "realise": 0.010397536680102348,
        "register": 0.010018129833042622,
        "cape": 0.009189854376018047,
        "contrast": 0.008836745284497738,
        "admit": 0.006228340789675713,
        "disgrace": 0.005974885076284409,
        "crap": 0.0059729102067649364,
        "budapest": 0.005094383843243122
    },
    "3": {
        "terribly": 0.012697800062596798,
        "helpfull": 0.012453611940145493,
        "caring": 0.01184485387057066,
        "intercontinental": 0.011746212840080261,
        "progress": 0.010199367068707943,
        "responsive": 0.009751944802701473,
        "claustrophobic": 0.0065674446523189545,
        "herringbone": 0.006338912062346935,
        "patience": 0.006008252967149019,
        "thinking": 0.005373894236981869
    },
    "4": {
        "flight": 0.015437341295182705,
        "time": 0.010356202721595764,
        "air": 0.010237428359687328,
        "check": 0.00965496338903904,
        "airport": 0.009610028937458992,
        "luggage": 0.008357026614248753,
        "france": 0.0074257925152778625,
        "tell": 0.00738875288516283,
        "arrive": 0.007298835553228855,
        "delay": 0.007059343159198761
    },
    "5": {
        "cushion": 0.009302252903580666,
        "rio": 0.008936832658946514,
        "thin": 0.007661809679120779,
        "lean": 0.006722556427121162,
        "o": 0.006498641800135374,
        "ton": 0.006098348181694746,
        "confort": 0.00606877263635397,
        "shrug": 0.006064653396606445,
        "whatsoever": 0.005885339807718992,
        "muffin": 0.005781771149486303
    },
    "6": {
        "flight": 0.04680582135915756,
        "good": 0.036424003541469574,
        "food": 0.03223811089992523,
        "service": 0.02916434407234192,
        "time": 0.021088358014822006,
        "staff": 0.019681261852383614,
        "friendly": 0.01790849305689335,
        "great": 0.016208602115511894,
        "comfortable": 0.01601928286254406,
        "fly": 0.015586014837026596
    },
    "7": {
        "crew": 0.012598969042301178,
        "passenger": 0.010929088108241558,
        "eye": 0.008136730641126633,
        "ask": 0.006584699731320143,
        "like": 0.00629310542717576,
        "cabin": 0.006200067698955536,
        "come": 0.005445728078484535,
        "old": 0.005373746622353792,
        "serve": 0.005103340372443199,
        "see": 0.005087816156446934
    },
    "8": {
        "class": 0.02191035822033882,
        "business": 0.02189323492348194,
        "service": 0.018775610253214836,
        "fly": 0.017530284821987152,
        "air": 0.016628451645374298,
        "flight": 0.016557343304157257,
        "food": 0.015112757682800293,
        "seat": 0.014060961082577705,
        "airline": 0.013889925554394722,
        "good": 0.012553228065371513
    },
    "9": {
        "satisfied": 0.021746879443526268,
        "complementary": 0.013149147853255272,
        "guest": 0.010186750441789627,
        "bland": 0.009860791265964508,
        "praise": 0.008656706660985947,
        "disruption": 0.008456948213279247,
        "authority": 0.008063136599957943,
        "lh": 0.007611832115799189,
        "celebrate": 0.007554621901363134,
        "considerate": 0.007510999217629433
    }
}