{
    "0": {
        "effective": 0.017636414617300034,
        "caring": 0.015035846270620823,
        "perk": 0.014416376128792763,
        "wi": 0.014237610623240471,
        "cheerful": 0.014123077504336834,
        "fi": 0.014037342742085457,
        "programme": 0.009287352673709393,
        "precise": 0.009245917201042175,
        "frankly": 0.008831857703626156,
        "inferior": 0.007860305719077587
    },
    "1": {
        "star": 0.051384009420871735,
        "frequent": 0.03446466848254204,
        "alliance": 0.03046582080423832,
        "flyer": 0.023245034739375114,
        "member": 0.021441014483571053,
        "gold": 0.014886274002492428,
        "status": 0.011797924526035786,
        "partner": 0.011412106454372406,
        "mile": 0.011320172809064388,
        "lounge": 0.011254590936005116
    },
    "2": {
        "seat": 0.02424195036292076,
        "class": 0.015462679788470268,
        "business": 0.013206949457526207,
        "economy": 0.01271071843802929,
        "flight": 0.011666436679661274,
        "food": 0.011214830912649632,
        "like": 0.007374977692961693,
        "lufthansa": 0.007303785067051649,
        "fly": 0.007121625356376171,
        "well": 0.006132025737315416
    },
    "3": {
        "hot": 0.03418882563710213,
        "serve": 0.03270164504647255,
        "breakfast": 0.03091391921043396,
        "water": 0.023686274886131287,
        "sandwich": 0.021481409668922424,
        "meal": 0.021226711571216583,
        "snack": 0.019163552671670914,
        "dinner": 0.019065624102950096,
        "towel": 0.018080422654747963,
        "drink": 0.017185021191835403
    },
    "4": {
        "flight": 0.01909639686346054,
        "lufthansa": 0.013385050930082798,
        "airport": 0.012558854185044765,
        "time": 0.012162428349256516,
        "delay": 0.010755572468042374,
        "gate": 0.00914690550416708,
        "wait": 0.008955121971666813,
        "arrive": 0.008137128315865993,
        "plane": 0.007796893827617168,
        "take": 0.00740563590079546
    },
    "5": {
        "pay": 0.020930057391524315,
        "ticket": 0.01923643797636032,
        "lufthansa": 0.017821911722421646,
        "book": 0.016435710713267326,
        "customer": 0.0151608781889081,
        "airline": 0.014238483272492886,
        "service": 0.013834826648235321,
        "flight": 0.012563065625727177,
        "fly": 0.010114287957549095,
        "money": 0.009317100048065186
    },
    "6": {
        "luggage": 0.027702786028385162,
        "baggage": 0.02431328408420086,
        "bag": 0.02227596752345562,
        "check": 0.021850384771823883,
        "carry": 0.021387800574302673,
        "hand": 0.009700151160359383,
        "free": 0.008048874326050282,
        "allow": 0.006698520854115486,
        "kg": 0.00665113003924489,
        "boarding": 0.00587075250223279
    },
    "7": {
        "consistently": 0.01947547309100628,
        "generous": 0.017839448526501656,
        "calm": 0.016324833035469055,
        "tablet": 0.016047291457653046,
        "nicely": 0.01580081135034561,
        "toy": 0.014993633143603802,
        "spirit": 0.012733619660139084,
        "cushion": 0.012474128045141697,
        "co": 0.011925739236176014,
        "toothbrush": 0.011696808971464634
    },
    "8": {
        "spotless": 0.02144186943769455,
        "navigate": 0.018866950646042824,
        "porto": 0.010786992497742176,
        "atmosphere": 0.009794455952942371,
        "cockpit": 0.009390152059495449,
        "mode": 0.008196070790290833,
        "eatable": 0.007365962956100702,
        "painless": 0.0069916266947984695,
        "everytime": 0.0069556282833218575,
        "uncomfortably": 0.006866952870041132
    },
    "9": {
        "flight": 0.03887543827295303,
        "good": 0.032442837953567505,
        "service": 0.0303974412381649,
        "food": 0.026380421593785286,
        "lufthansa": 0.02441324293613434,
        "time": 0.02085144817829132,
        "fly": 0.02016577683389187,
        "airline": 0.01841709204018116,
        "seat": 0.01489709597080946,
        "great": 0.014618325978517532
    }
}