{
    "0": {
        "drink": 0.06681482493877411,
        "snack": 0.06401599198579788,
        "serve": 0.041783448308706284,
        "water": 0.033759698271751404,
        "offer": 0.030676482245326042,
        "meal": 0.03030175343155861,
        "food": 0.029207419604063034,
        "beverage": 0.023004233837127686,
        "pretzel": 0.018273016437888145,
        "breakfast": 0.01613587886095047
    },
    "1": {
        "seat": 0.044226326048374176,
        "pay": 0.040305424481630325,
        "extra": 0.03332957997918129,
        "flight": 0.02579405903816223,
        "leg": 0.024085136130452156,
        "room": 0.02170380763709545,
        "fly": 0.01637253724038601,
        "economy": 0.016164610162377357,
        "airline": 0.015481999143958092,
        "upgrade": 0.0143472570925951
    },
    "2": {
        "seat": 0.027789516374468803,
        "flight": 0.02378055639564991,
        "food": 0.022400569170713425,
        "entertainment": 0.02213239297270775,
        "good": 0.016054514795541763,
        "movie": 0.015308253467082977,
        "plane": 0.01360652968287468,
        "service": 0.012729321606457233,
        "screen": 0.011188773438334465,
        "class": 0.011163159273564816
    },
    "3": {
        "attendant": 0.020294735208153725,
        "rude": 0.016762614250183105,
        "like": 0.015250969678163528,
        "passenger": 0.015177283436059952,
        "service": 0.014258591458201408,
        "bad": 0.014153944328427315,
        "customer": 0.013557943515479565,
        "ask": 0.013245987705886364,
        "flight": 0.012156571261584759,
        "airline": 0.01174121256917715
    },
    "4": {
        "flight": 0.030108224600553513,
        "delay": 0.027936527505517006,
        "plane": 0.01891579106450081,
        "time": 0.018700527027249336,
        "late": 0.017032403498888016,
        "leave": 0.01467448752373457,
        "gate": 0.014645244926214218,
        "wait": 0.014501780271530151,
        "arrive": 0.014035725966095924,
        "get": 0.013382191769778728
    },
    "5": {
        "flight": 0.06707580387592316,
        "time": 0.04281270503997803,
        "good": 0.02908601611852646,
        "friendly": 0.02674601413309574,
        "service": 0.024413075298070908,
        "great": 0.023349300026893616,
        "attendant": 0.02269609458744526,
        "staff": 0.018790971487760544,
        "fly": 0.018138982355594635,
        "crew": 0.017148224636912346
    },
    "6": {
        "tell": 0.012210173532366753,
        "customer": 0.011014988645911217,
        "flight": 0.010667918249964714,
        "service": 0.009555703960359097,
        "airline": 0.009282675571739674,
        "book": 0.009150764904916286,
        "aa": 0.008558097295463085,
        "say": 0.007547300308942795,
        "call": 0.0073924437165260315,
        "ticket": 0.007257647812366486
    },
    "7": {
        "check": 0.03751322254538536,
        "boarding": 0.023126503452658653,
        "bag": 0.021265558898448944,
        "line": 0.020793261006474495,
        "gate": 0.0190865658223629,
        "security": 0.018655668944120407,
        "baggage": 0.018426265567541122,
        "airport": 0.0167294442653656,
        "wait": 0.015214674174785614,
        "luggage": 0.0137641541659832
    },
    "8": {
        "fly": 0.031435705721378326,
        "airline": 0.025554437190294266,
        "flight": 0.02298079803586006,
        "service": 0.021847296506166458,
        "aa": 0.017014747485518456,
        "class": 0.01602495275437832,
        "good": 0.016016732901334763,
        "travel": 0.015469253994524479,
        "time": 0.013745546340942383,
        "experience": 0.01251811534166336
    },
    "9": {
        "seat": 0.02236289717257023,
        "plane": 0.01544965524226427,
        "carry": 0.014535064809024334,
        "people": 0.011144263669848442,
        "bag": 0.010824430733919144,
        "sit": 0.010662789456546307,
        "flight": 0.010049095377326012,
        "small": 0.009955504909157753,
        "overhead": 0.009780813939869404,
        "board": 0.00926715787500143
    }
}