{
    "0": {
        "flight": 0.015862461179494858,
        "food": 0.01567954197525978,
        "seat": 0.013731949962675571,
        "good": 0.01267307996749878,
        "service": 0.01153266429901123,
        "entertainment": 0.010141708888113499,
        "time": 0.00885889120399952,
        "eastern": 0.0083711426705122,
        "experience": 0.007330506108701229,
        "overall": 0.007189053576439619
    },
    "1": {
        "flight": 0.011976744048297405,
        "food": 0.0107492720708251,
        "airline": 0.009148601442575455,
        "time": 0.007457524538040161,
        "good": 0.007357305381447077,
        "fly": 0.007184412330389023,
        "seat": 0.007094339933246374,
        "class": 0.006970700807869434,
        "cabin": 0.006404219660907984,
        "eastern": 0.00608095433562994
    },
    "2": {
        "flight": 0.017356034368276596,
        "seat": 0.013310804963111877,
        "food": 0.011993924155831337,
        "service": 0.009645538404583931,
        "airline": 0.009043899364769459,
        "time": 0.009009628556668758,
        "eastern": 0.008780534379184246,
        "class": 0.008031664416193962,
        "fly": 0.006860755383968353,
        "meal": 0.0067535145208239555
    },
    "3": {
        "flight": 0.01431350503116846,
        "delay": 0.009749013930559158,
        "airline": 0.009111779741942883,
        "bad": 0.008283074013888836,
        "tell": 0.007932092063128948,
        "airport": 0.007393358740955591,
        "leave": 0.007304091472178698,
        "time": 0.007217392325401306,
        "get": 0.0069977897219359875,
        "arrive": 0.006804321426898241
    },
    "4": {
        "flight": 0.015648428350687027,
        "time": 0.009467678144574165,
        "delay": 0.008874271996319294,
        "airline": 0.008700472302734852,
        "service": 0.008519371040165424,
        "eastern": 0.007565124426037073,
        "good": 0.007490059360861778,
        "seat": 0.006654583383351564,
        "check": 0.0061645167879760265,
        "experience": 0.005821674596518278
    },
    "5": {
        "flight": 0.010077388025820255,
        "time": 0.008160938508808613,
        "fly": 0.008096163161098957,
        "eastern": 0.006875490769743919,
        "airline": 0.00686217425391078,
        "service": 0.006290722172707319,
        "experience": 0.0059531028382480145,
        "bad": 0.005727454554289579,
        "class": 0.005710722878575325,
        "give": 0.00501976115629077
    },
    "6": {
        "flight": 0.016818026080727577,
        "time": 0.010862620547413826,
        "staff": 0.010743342339992523,
        "plane": 0.009472586214542389,
        "airline": 0.009456335566937923,
        "food": 0.009181049652397633,
        "fly": 0.008880640380084515,
        "delay": 0.00849171169102192,
        "bad": 0.007549639791250229,
        "passenger": 0.007298906333744526
    },
    "7": {
        "flight": 0.013500949367880821,
        "service": 0.010838545858860016,
        "fly": 0.009311778470873833,
        "airline": 0.00905078649520874,
        "eastern": 0.007992826402187347,
        "seat": 0.007922908291220665,
        "staff": 0.007494017947465181,
        "food": 0.0073336162604391575,
        "good": 0.00721720140427351,
        "time": 0.006712987087666988
    },
    "8": {
        "flight": 0.012723162770271301,
        "time": 0.010041939094662666,
        "staff": 0.009299359284341335,
        "meal": 0.008549138903617859,
        "airline": 0.008093791082501411,
        "passenger": 0.007626083679497242,
        "review": 0.007130992133170366,
        "seat": 0.0067811752669513226,
        "service": 0.0064123631455004215,
        "food": 0.006385729182511568
    },
    "9": {
        "flight": 0.011707199737429619,
        "time": 0.01046900823712349,
        "airline": 0.00932845938950777,
        "eastern": 0.008325478062033653,
        "tell": 0.00688061211258173,
        "ticket": 0.006448701489716768,
        "fly": 0.006285822484642267,
        "wait": 0.005451621953397989,
        "hour": 0.005445082206279039,
        "experience": 0.005425348412245512
    }
}