{
    "0": {
        "flow": 0.005865611135959625,
        "locate": 0.005843144841492176,
        "clip": 0.0050574056804180145,
        "passanger": 0.004222866613417864,
        "hk": 0.003910768311470747,
        "memory": 0.0036783460527658463,
        "silly": 0.0036780184600502253,
        "critical": 0.003677337896078825,
        "strong": 0.0033164662308990955,
        "spite": 0.003132404526695609
    },
    "1": {
        "flight": 0.023799149319529533,
        "airline": 0.013481535948812962,
        "service": 0.012479815632104874,
        "customer": 0.009568733163177967,
        "late": 0.009424036368727684,
        "time": 0.009258351288735867,
        "delay": 0.008157488889992237,
        "eastern": 0.008132877759635448,
        "cancel": 0.008024672977626324,
        "fly": 0.007924249395728111
    },
    "2": {
        "gold": 0.009315668605268002,
        "come": 0.006471028085798025,
        "stingy": 0.005791211500763893,
        "air": 0.005764923058450222,
        "good": 0.005493237171322107,
        "time": 0.005388929508626461,
        "hostess": 0.005004246719181538,
        "world": 0.004831336904317141,
        "delivery": 0.004480468574911356,
        "equipment": 0.004334396217018366
    },
    "3": {
        "uncommon": 0.0074418215081095695,
        "nowadays": 0.003781958483159542,
        "mistreat": 0.003777736099436879,
        "dictate": 0.003776534926146269,
        "briefing": 0.0037742117419838905,
        "limitation": 0.0014376593753695488,
        "pajama": 0.0013404205674305558,
        "sock": 0.001226103282533586,
        "dress": 0.0007802519830875099,
        "jacket": 0.0007801828905940056
    },
    "4": {
        "flight": 0.021910231560468674,
        "food": 0.01748349517583847,
        "good": 0.016926323994994164,
        "service": 0.014348888769745827,
        "airline": 0.014047807082533836,
        "seat": 0.012273077853024006,
        "fly": 0.012018275447189808,
        "time": 0.010929103009402752,
        "eastern": 0.010290991514921188,
        "plane": 0.008303306996822357
    },
    "5": {
        "flight": 0.012114607729017735,
        "airline": 0.009187954477965832,
        "time": 0.008216019719839096,
        "airport": 0.00778682716190815,
        "delay": 0.006914915982633829,
        "bad": 0.006878402549773455,
        "eastern": 0.006507646758109331,
        "fly": 0.0064042722806334496,
        "take": 0.00608826382085681,
        "check": 0.006053696386516094
    },
    "6": {
        "class": 0.01194755733013153,
        "seat": 0.010000494308769703,
        "poor": 0.0085349315777421,
        "fly": 0.0077376593835651875,
        "business": 0.007674058899283409,
        "flight": 0.0076568336226046085,
        "attendant": 0.006254883483052254,
        "small": 0.006007614079862833,
        "food": 0.005942116491496563,
        "airline": 0.005701080895960331
    },
    "7": {
        "flight": 0.026610199362039566,
        "food": 0.02086317539215088,
        "service": 0.016070526093244553,
        "meal": 0.015786731615662575,
        "good": 0.015029501169919968,
        "airline": 0.012562355026602745,
        "entertainment": 0.012028004974126816,
        "seat": 0.01202715840190649,
        "drink": 0.011873804032802582,
        "time": 0.011696839705109596
    },
    "8": {
        "arrive": 0.011092591099441051,
        "airline": 0.009262350387871265,
        "flight": 0.008130730129778385,
        "fly": 0.007395540364086628,
        "delay": 0.006883777212351561,
        "available": 0.006360137835144997,
        "schedule": 0.006294438615441322,
        "food": 0.006031246855854988,
        "check": 0.005829253699630499,
        "wait": 0.005690419115126133
    },
    "9": {
        "food": 0.013180973939597607,
        "flight": 0.007639999035745859,
        "delay": 0.007172205951064825,
        "offer": 0.006062767002731562,
        "airline": 0.0060556810349226,
        "service": 0.006020571105182171,
        "average": 0.0055707585997879505,
        "announcement": 0.005483945365995169,
        "choose": 0.004507958889007568,
        "isle": 0.0043233586475253105
    }
}