{
    "0": {
        "flight": 0.05875830724835396,
        "time": 0.03842029720544815,
        "good": 0.026031648740172386,
        "friendly": 0.022335657849907875,
        "fly": 0.02206854708492756,
        "service": 0.021723827347159386,
        "great": 0.021714098751544952,
        "attendant": 0.01796138286590576,
        "staff": 0.017848994582891464,
        "crew": 0.015590695664286613
    },
    "1": {
        "bag": 0.08154402673244476,
        "check": 0.05768735334277153,
        "carry": 0.054574865847826004,
        "overhead": 0.03730371594429016,
        "luggage": 0.030143465846776962,
        "baggage": 0.024056097492575645,
        "space": 0.018490366637706757,
        "small": 0.017574070021510124,
        "board": 0.017535386607050896,
        "fit": 0.017033686861395836
    },
    "2": {
        "airline": 0.020233647897839546,
        "aa": 0.01874157413840294,
        "fly": 0.018208829686045647,
        "service": 0.013740243390202522,
        "business": 0.012742472812533379,
        "travel": 0.01212961133569479,
        "class": 0.011867974884808064,
        "mile": 0.009024763479828835,
        "experience": 0.007762813940644264,
        "carrier": 0.007673678454011679
    },
    "3": {
        "check": 0.01802361197769642,
        "ticket": 0.01450823899358511,
        "tell": 0.01373286172747612,
        "call": 0.010248369537293911,
        "bag": 0.009956391528248787,
        "agent": 0.009318421594798565,
        "book": 0.009285041131079197,
        "customer": 0.009057074785232544,
        "airport": 0.008990785107016563,
        "say": 0.00845567137002945
    },
    "4": {
        "seat": 0.026020873337984085,
        "plane": 0.023485077545046806,
        "old": 0.021530594676733017,
        "flight": 0.0212900098413229,
        "entertainment": 0.020892292261123657,
        "screen": 0.017571859061717987,
        "new": 0.013897079974412918,
        "movie": 0.013091926462948322,
        "tv": 0.012935636565089226,
        "fly": 0.012137479148805141
    },
    "5": {
        "seat": 0.04817645996809006,
        "pay": 0.02871784009039402,
        "flight": 0.027439219877123833,
        "extra": 0.023997608572244644,
        "leg": 0.022216733545064926,
        "room": 0.019956927746534348,
        "fly": 0.01718040741980076,
        "economy": 0.015500914305448532,
        "airline": 0.014652867801487446,
        "row": 0.013644653372466564
    },
    "6": {
        "airline": 0.019392237067222595,
        "customer": 0.01928599923849106,
        "rude": 0.018690962344408035,
        "fly": 0.017409464344382286,
        "service": 0.016780944541096687,
        "bad": 0.015598511323332787,
        "flight": 0.014668896794319153,
        "ask": 0.012390452437102795,
        "experience": 0.012215309776365757,
        "staff": 0.01166456937789917
    },
    "7": {
        "flight": 0.0322546511888504,
        "delay": 0.030169416218996048,
        "time": 0.017676416784524918,
        "fly": 0.01666988804936409,
        "miss": 0.015595871023833752,
        "cancel": 0.014930530451238155,
        "airport": 0.01382931973785162,
        "airline": 0.013081397861242294,
        "connect": 0.012577779591083527,
        "leave": 0.012322161346673965
    },
    "8": {
        "food": 0.030999809503555298,
        "drink": 0.021344784647226334,
        "flight": 0.020219579339027405,
        "class": 0.01953497715294361,
        "service": 0.018256990239024162,
        "seat": 0.018057046458125114,
        "meal": 0.01636897400021553,
        "good": 0.015209071338176727,
        "serve": 0.014504906721413136,
        "snack": 0.01418962050229311
    },
    "9": {
        "plane": 0.016241859644651413,
        "gate": 0.01608150266110897,
        "wait": 0.014054656960070133,
        "board": 0.0129863815382123,
        "sit": 0.010603450238704681,
        "passenger": 0.00966751016676426,
        "take": 0.008819214068353176,
        "get": 0.008711553178727627,
        "flight": 0.008028924465179443,
        "time": 0.00797578040510416
    }
}