{
    "0": {
        "flight": 0.013433419167995453,
        "food": 0.013220054097473621,
        "seat": 0.01306729856878519,
        "air": 0.009700359776616096,
        "good": 0.008485011756420135,
        "plane": 0.007787544280290604,
        "time": 0.007547347340732813,
        "staff": 0.007211529649794102,
        "entertainment": 0.0066234041005373,
        "cabin": 0.006563166622072458
    },
    "1": {
        "food": 0.016522562131285667,
        "flight": 0.01601565256714821,
        "airline": 0.012739126570522785,
        "air": 0.010748088359832764,
        "bad": 0.010271075181663036,
        "staff": 0.009880995377898216,
        "entertainment": 0.008368846029043198,
        "time": 0.007785447873175144,
        "review": 0.007779537700116634,
        "good": 0.007751425728201866
    },
    "2": {
        "flight": 0.014479229226708412,
        "airline": 0.010940159671008587,
        "air": 0.010272198356688023,
        "time": 0.007489238865673542,
        "pay": 0.0071379379369318485,
        "customer": 0.007074455730617046,
        "service": 0.006878220941871405,
        "china": 0.006513534113764763,
        "arrive": 0.0064638699404895306,
        "try": 0.006338031496852636
    },
    "3": {
        "flight": 0.014254787005484104,
        "air": 0.01031152717769146,
        "time": 0.009001476690173149,
        "tell": 0.008666632696986198,
        "airport": 0.008045990951359272,
        "arrive": 0.007693164981901646,
        "delay": 0.007550824899226427,
        "bad": 0.00746948691084981,
        "airline": 0.007468466646969318,
        "miss": 0.0073312753811478615
    },
    "4": {
        "flight": 0.016936929896473885,
        "food": 0.014918949455022812,
        "seat": 0.011415012180805206,
        "good": 0.011031429283320904,
        "service": 0.01034605409950018,
        "air": 0.009902269579470158,
        "time": 0.009556797333061695,
        "fly": 0.00952734611928463,
        "class": 0.00932611059397459,
        "entertainment": 0.009035231545567513
    },
    "5": {
        "service": 0.011150787584483624,
        "bad": 0.009472226724028587,
        "flight": 0.00868193805217743,
        "air": 0.008162228390574455,
        "airline": 0.007149634882807732,
        "poor": 0.006725263316184282,
        "experience": 0.006435624323785305,
        "fly": 0.006391316652297974,
        "time": 0.00522623723372817,
        "staff": 0.005187614355236292
    },
    "6": {
        "flight": 0.01663454994559288,
        "air": 0.015684694051742554,
        "service": 0.01104756724089384,
        "food": 0.010456223040819168,
        "time": 0.010171563364565372,
        "airline": 0.009964384138584137,
        "fly": 0.009919899515807629,
        "china": 0.009542115963995457,
        "staff": 0.009383675642311573,
        "seat": 0.008312479592859745
    },
    "7": {
        "flight": 0.01197797991335392,
        "time": 0.009840719401836395,
        "service": 0.008612923324108124,
        "air": 0.008596622385084629,
        "seat": 0.007584447972476482,
        "food": 0.007321689277887344,
        "airline": 0.007188412826508284,
        "fly": 0.006156265269964933,
        "attendant": 0.005753461737185717,
        "entertainment": 0.004833281971514225
    },
    "8": {
        "flight": 0.008359435945749283,
        "fly": 0.006341110914945602,
        "get": 0.006209096871316433,
        "meal": 0.0061467476189136505,
        "food": 0.00574237946420908,
        "come": 0.005607830826193094,
        "air": 0.005350837484002113,
        "leave": 0.005118805915117264,
        "airline": 0.005047536920756102,
        "service": 0.004857806954532862
    },
    "9": {
        "flight": 0.01301226019859314,
        "seat": 0.011405770666897297,
        "fly": 0.009471778757870197,
        "time": 0.009130180813372135,
        "air": 0.007851464673876762,
        "airline": 0.0071982573717832565,
        "check": 0.007075509987771511,
        "food": 0.007071162108331919,
        "service": 0.006853269413113594,
        "economy": 0.006380537990480661
    }
}