{
    "0": {
        "seat": 0.026146352291107178,
        "flight": 0.01970069482922554,
        "food": 0.016264665871858597,
        "plane": 0.014076833613216877,
        "leg": 0.011095665395259857,
        "good": 0.009356562048196793,
        "entertainment": 0.008762246929109097,
        "bad": 0.008591336198151112,
        "room": 0.008224131539463997,
        "screen": 0.008090564049780369
    },
    "1": {
        "air": 0.012048996984958649,
        "flight": 0.010719163343310356,
        "france": 0.009600413963198662,
        "airline": 0.009227938950061798,
        "customer": 0.00886466447263956,
        "tell": 0.00871961284428835,
        "service": 0.008402300998568535,
        "ask": 0.008013397455215454,
        "fly": 0.00794953852891922,
        "check": 0.007475055754184723
    },
    "2": {
        "food": 0.026430031284689903,
        "good": 0.02591107413172722,
        "seat": 0.024819379672408104,
        "flight": 0.021891048178076744,
        "service": 0.019676795229315758,
        "class": 0.017719030380249023,
        "business": 0.01538253203034401,
        "comfortable": 0.014055403880774975,
        "cdg": 0.013397600501775742,
        "entertainment": 0.01204146072268486
    },
    "3": {
        "flight": 0.045050233602523804,
        "good": 0.03163893520832062,
        "food": 0.027205538004636765,
        "service": 0.02672388032078743,
        "air": 0.023036111146211624,
        "fly": 0.0220448337495327,
        "time": 0.020771853625774384,
        "staff": 0.018674267455935478,
        "friendly": 0.018437817692756653,
        "crew": 0.01693548448383808
    },
    "4": {
        "stale": 0.012890374287962914,
        "impeccable": 0.012279033660888672,
        "j": 0.010292026214301586,
        "overcooked": 0.010045841336250305,
        "duck": 0.009413299150764942,
        "biscuit": 0.008374941535294056,
        "extraordinary": 0.007833776995539665,
        "organisation": 0.00624139653518796,
        "cai": 0.005973718129098415,
        "timing": 0.005601890385150909
    },
    "5": {
        "economy": 0.03275821730494499,
        "class": 0.02810235321521759,
        "seat": 0.02614331617951393,
        "premium": 0.023614171892404556,
        "business": 0.023079050704836845,
        "fly": 0.017756488174200058,
        "flight": 0.014785452745854855,
        "food": 0.012898770160973072,
        "service": 0.012646880932152271,
        "air": 0.012217458337545395
    },
    "6": {
        "return": 0.013542312197387218,
        "cdg": 0.009577980265021324,
        "high": 0.008706892840564251,
        "journey": 0.008602561429142952,
        "experience": 0.008477617986500263,
        "outbound": 0.008308649063110352,
        "af": 0.00789435300976038,
        "cabin": 0.006783016491681337,
        "route": 0.006235064007341862,
        "onboard": 0.005749380681663752
    },
    "7": {
        "serve": 0.024833638221025467,
        "breakfast": 0.022012924775481224,
        "meal": 0.021941356360912323,
        "drink": 0.01725238561630249,
        "dinner": 0.016604581847786903,
        "wine": 0.014120146632194519,
        "water": 0.012920534238219261,
        "snack": 0.011380414478480816,
        "offer": 0.010758656077086926,
        "coffee": 0.010442283935844898
    },
    "8": {
        "town": 0.013493435457348824,
        "cape": 0.011640983633697033,
        "metal": 0.006803891155868769,
        "automatic": 0.006412122398614883,
        "unfriendly": 0.005449221469461918,
        "gourmet": 0.005301747936755419,
        "w": 0.005077653098851442,
        "jump": 0.005000581033527851,
        "insult": 0.004878473933786154,
        "injury": 0.00472733611240983
    },
    "9": {
        "flight": 0.0197939183562994,
        "arrive": 0.014821759425103664,
        "airport": 0.014469767920672894,
        "delay": 0.014065475203096867,
        "time": 0.013698994182050228,
        "check": 0.011010684072971344,
        "wait": 0.010674921795725822,
        "cdg": 0.010441555641591549,
        "gate": 0.01028733141720295,
        "boarding": 0.010047960095107555
    }
}