{
    "0": {
        "brilliant": 0.009849079884588718,
        "dark": 0.006008693017065525,
        "flawless": 0.005999870598316193,
        "shower": 0.004430263768881559,
        "climate": 0.0037397013511508703,
        "hydrated": 0.0037345755845308304,
        "stellar": 0.0037342875730246305,
        "mini": 0.0030632002744823694,
        "los": 0.003061459166929126,
        "bismarck": 0.003061155090108514
    },
    "1": {
        "fold": 0.007549611385911703,
        "won": 0.007487718015909195,
        "undertake": 0.005297760013490915,
        "thoroughly": 0.0052948989905416965,
        "beware": 0.004863377194851637,
        "briefing": 0.004613537807017565,
        "relationship": 0.003721361979842186,
        "basis": 0.003501704428344965,
        "locker": 0.0030424075666815042,
        "tweet": 0.0030387581791728735
    },
    "2": {
        "flight": 0.0218465905636549,
        "delay": 0.012144980952143669,
        "service": 0.01170196384191513,
        "time": 0.011259390972554684,
        "delta": 0.01057182066142559,
        "fly": 0.009982791729271412,
        "plane": 0.008521403186023235,
        "atl": 0.007759902160614729,
        "good": 0.0076330723240971565,
        "experience": 0.007158480118960142
    },
    "3": {
        "flight": 0.01635373756289482,
        "delta": 0.014836841262876987,
        "seat": 0.013053514994680882,
        "fly": 0.012012486346065998,
        "attendant": 0.007308420725166798,
        "time": 0.007160666398704052,
        "service": 0.0065286834724247456,
        "passenger": 0.006047862581908703,
        "plane": 0.005860775243490934,
        "pay": 0.005762641318142414
    },
    "4": {
        "flight": 0.020284954458475113,
        "seat": 0.01683400385081768,
        "good": 0.01506425067782402,
        "food": 0.013601611368358135,
        "delta": 0.01298244297504425,
        "service": 0.01185388769954443,
        "time": 0.011551788076758385,
        "fly": 0.010724051855504513,
        "crew": 0.009766975417733192,
        "class": 0.009337417781352997
    },
    "5": {
        "delta": 0.017433451488614082,
        "flight": 0.015647225081920624,
        "ticket": 0.014418376609683037,
        "pay": 0.012604140676558018,
        "fly": 0.01223592460155487,
        "customer": 0.011445309035480022,
        "change": 0.011418631300330162,
        "service": 0.009075985290110111,
        "book": 0.009064423851668835,
        "time": 0.008641454391181469
    },
    "6": {
        "punctual": 0.010075552389025688,
        "sydney": 0.008394108153879642,
        "entertain": 0.008233371190726757,
        "hkg": 0.007209870498627424,
        "interesting": 0.005902351811528206,
        "minimum": 0.00586868729442358,
        "earplug": 0.00543316500261426,
        "divider": 0.005427977070212364,
        "advanced": 0.004727981518954039,
        "warmth": 0.004184836987406015
    },
    "7": {
        "nrt": 0.0199571680277586,
        "spouse": 0.010118836537003517,
        "conversation": 0.007397798355668783,
        "bog": 0.005898868199437857,
        "everybody": 0.005589472129940987,
        "scratch": 0.005258714780211449,
        "welcome": 0.005032415501773357,
        "unsafe": 0.0046206568367779255,
        "diamond": 0.004412312991917133,
        "blind": 0.004280492197722197
    },
    "8": {
        "flight": 0.018913595005869865,
        "delta": 0.015535109676420689,
        "fly": 0.011281254701316357,
        "time": 0.010870925150811672,
        "delay": 0.010249003767967224,
        "tell": 0.008939108811318874,
        "plane": 0.0087625402957201,
        "wait": 0.008206025697290897,
        "service": 0.008055198937654495,
        "airport": 0.008003822527825832
    },
    "9": {
        "outlet": 0.009660948067903519,
        "bin": 0.007506166119128466,
        "overhead": 0.007332692854106426,
        "power": 0.005905778147280216,
        "tier": 0.005743265617638826,
        "transcontinental": 0.005297213792800903,
        "girlfriend": 0.005126200616359711,
        "multiple": 0.004863364156335592,
        "context": 0.004429780412465334,
        "ceo": 0.004289980046451092
    }
}