{
    "0": {
        "punctuality": 0.023238759487867355,
        "wi": 0.020975429564714432,
        "fi": 0.020865481346845627,
        "wise": 0.015198948793113232,
        "prompt": 0.014537714421749115,
        "unusual": 0.011898519471287727,
        "snow": 0.010851170867681503,
        "y": 0.009804550558328629,
        "ist": 0.008813323453068733,
        "exclusive": 0.007836753502488136
    },
    "1": {
        "seat": 0.02794334478676319,
        "class": 0.02177923545241356,
        "economy": 0.01826215535402298,
        "flight": 0.018064742907881737,
        "business": 0.01703290082514286,
        "food": 0.016090799123048782,
        "service": 0.015473202802240849,
        "good": 0.014665408059954643,
        "lufthansa": 0.014527491293847561,
        "fly": 0.010368099436163902
    },
    "2": {
        "delay": 0.046123649924993515,
        "flight": 0.03862333297729492,
        "late": 0.029602274298667908,
        "connect": 0.024950027465820312,
        "arrive": 0.022584514692425728,
        "miss": 0.022104471921920776,
        "connection": 0.020820483565330505,
        "time": 0.017413131892681122,
        "airport": 0.01696345955133438,
        "lufthansa": 0.01684008538722992
    },
    "3": {
        "lufthansa": 0.013690012507140636,
        "flight": 0.011542710475623608,
        "tell": 0.00938701443374157,
        "airline": 0.008866213262081146,
        "customer": 0.008804205805063248,
        "service": 0.008697610348463058,
        "ask": 0.008473249152302742,
        "fly": 0.008144608698785305,
        "time": 0.008037847466766834,
        "check": 0.006893911864608526
    },
    "4": {
        "serve": 0.01666155830025673,
        "water": 0.012638040818274021,
        "meal": 0.011742877773940563,
        "drink": 0.011293414980173111,
        "breakfast": 0.009406602941453457,
        "flight": 0.009195677004754543,
        "sandwich": 0.00838453508913517,
        "offer": 0.0080050528049469,
        "food": 0.00799926370382309,
        "small": 0.007210223935544491
    },
    "5": {
        "app": 0.0416819229722023,
        "mobile": 0.024704260751605034,
        "download": 0.017927279695868492,
        "town": 0.015540980733931065,
        "engine": 0.013483801856637001,
        "cape": 0.012215188704431057,
        "lousy": 0.011921839788556099,
        "yul": 0.009404828771948814,
        "mini": 0.009064857847988605,
        "organization": 0.008501512929797173
    },
    "6": {
        "flight": 0.040925268083810806,
        "good": 0.034160517156124115,
        "service": 0.030821625143289566,
        "lufthansa": 0.02584327571094036,
        "food": 0.02457505092024803,
        "time": 0.023969916626811028,
        "staff": 0.019734276458621025,
        "friendly": 0.01955288089811802,
        "fly": 0.019126834347844124,
        "airline": 0.017125803977251053
    },
    "7": {
        "ticket": 0.033727310597896576,
        "pay": 0.03043249063193798,
        "money": 0.019562702625989914,
        "book": 0.01954130455851555,
        "cost": 0.01881549507379532,
        "flight": 0.016683947294950485,
        "lufthansa": 0.01548046711832285,
        "price": 0.013268931768834591,
        "extra": 0.013222532346844673,
        "service": 0.012788706459105015
    },
    "8": {
        "gate": 0.02435457892715931,
        "boarding": 0.02202543057501316,
        "airport": 0.01751088909804821,
        "terminal": 0.016567807644605637,
        "check": 0.016203265637159348,
        "security": 0.013767107389867306,
        "bus": 0.013419209979474545,
        "board": 0.012709151953458786,
        "plane": 0.012520565651357174,
        "wait": 0.01153231505304575
    },
    "9": {
        "star": 0.10014430433511734,
        "alliance": 0.05518746003508568,
        "gold": 0.027537599205970764,
        "member": 0.02215973101556301,
        "partner": 0.015151945874094963,
        "status": 0.014573724940419197,
        "senator": 0.014043753035366535,
        "united": 0.01136181689798832,
        "unite": 0.010892186313867569,
        "share": 0.009517539292573929
    }
}