{
    "0": {
        "flight": 0.01313671562820673,
        "food": 0.011166824027895927,
        "seat": 0.010874470695853233,
        "meal": 0.008056911639869213,
        "serve": 0.007986725308001041,
        "airline": 0.007520697545260191,
        "ask": 0.007514281198382378,
        "drink": 0.006338419858366251,
        "time": 0.006315623410046101,
        "fly": 0.006293470039963722
    },
    "1": {
        "deg": 0.004380691796541214,
        "ferry": 0.0042763976380229,
        "boil": 0.004219150170683861,
        "veggie": 0.004178655333817005,
        "porter": 0.0036222892813384533,
        "wuh": 0.003619285998865962,
        "slop": 0.003394436789676547,
        "obliging": 0.002952767536044121,
        "bypass": 0.002846864052116871,
        "unstable": 0.0028438137378543615
    },
    "2": {
        "cellphone": 0.005462813191115856,
        "student": 0.00411214167252183,
        "reaction": 0.00379010196775198,
        "buck": 0.003540102392435074,
        "place": 0.0033355175983160734,
        "fog": 0.0032366272062063217,
        "obviously": 0.003168592695146799,
        "peak": 0.002951571485027671,
        "insistent": 0.002950114430859685,
        "element": 0.0029499817173928022
    },
    "3": {
        "flight": 0.014433508738875389,
        "airline": 0.010848256759345531,
        "airport": 0.00979590229690075,
        "time": 0.009293841198086739,
        "check": 0.008797384798526764,
        "eastern": 0.008448487147688866,
        "tell": 0.008086658082902431,
        "delay": 0.00794998463243246,
        "wait": 0.007223251275718212,
        "bad": 0.006749948486685753
    },
    "4": {
        "flight": 0.012949973344802856,
        "airline": 0.008073816075921059,
        "staff": 0.007748676463961601,
        "food": 0.0076436796225607395,
        "delay": 0.007539744954556227,
        "airport": 0.006578586529940367,
        "time": 0.006458712741732597,
        "service": 0.005749039817601442,
        "bad": 0.005727988202124834,
        "fly": 0.005330459680408239
    },
    "5": {
        "passenger": 0.006322000175714493,
        "service": 0.006217912305146456,
        "flight": 0.006049370393157005,
        "staff": 0.005505124107003212,
        "lounge": 0.00545494444668293,
        "aircraft": 0.004855275619775057,
        "priority": 0.004677911754697561,
        "boarding": 0.0045482381246984005,
        "gate": 0.004198579583317041,
        "locate": 0.003987531643360853
    },
    "6": {
        "flight": 0.005856913514435291,
        "airline": 0.004820177797228098,
        "staff": 0.004350752104073763,
        "anytime": 0.0040925657376646996,
        "flyer": 0.004084509797394276,
        "get": 0.0035571495536714792,
        "business": 0.0034179810900241137,
        "suitcase": 0.003362044459208846,
        "mean": 0.0033254465088248253,
        "steward": 0.003322592005133629
    },
    "7": {
        "flight": 0.0257019754499197,
        "food": 0.02108222059905529,
        "good": 0.019319582730531693,
        "service": 0.016804421320557594,
        "airline": 0.014325035735964775,
        "seat": 0.013888087123632431,
        "fly": 0.01337466575205326,
        "time": 0.013234594836831093,
        "eastern": 0.011378777213394642,
        "entertainment": 0.00945180095732212
    },
    "8": {
        "padding": 0.007488736882805824,
        "del": 0.0056342934258282185,
        "rebooking": 0.004573761951178312,
        "deliberately": 0.004049005452543497,
        "obligation": 0.004046223126351833,
        "strictly": 0.004043812397867441,
        "plenty": 0.004009834490716457,
        "demand": 0.003927971702069044,
        "ashtray": 0.003508992725983262,
        "kicker": 0.0034258095547556877
    },
    "9": {
        "break": 0.005097910296171904,
        "delivery": 0.0049486602656543255,
        "inch": 0.004655822180211544,
        "incoming": 0.004305451642721891,
        "favor": 0.004302889574319124,
        "resort": 0.00429283594712615,
        "justify": 0.003892292967066169,
        "die": 0.003837624564766884,
        "kmg": 0.0037441260647028685,
        "class": 0.003706368152052164
    }
}