{
    "0": {
        "flight": 0.021121488884091377,
        "lufthansa": 0.01880059763789177,
        "class": 0.013658006675541401,
        "economy": 0.011219020001590252,
        "experience": 0.011060694232583046,
        "travel": 0.010857144370675087,
        "business": 0.010312579572200775,
        "overall": 0.009960891678929329,
        "comfortable": 0.00994588527828455,
        "service": 0.009876403026282787
    },
    "1": {
        "flight": 0.02002343162894249,
        "lh": 0.018187865614891052,
        "service": 0.016053054481744766,
        "time": 0.014833653345704079,
        "seat": 0.013276871293783188,
        "good": 0.011592607013881207,
        "lufthansa": 0.010553393512964249,
        "airline": 0.010285506956279278,
        "fra": 0.008122830651700497,
        "march": 0.007555294781923294
    },
    "2": {
        "lufthansa": 0.01503484882414341,
        "flight": 0.012147052213549614,
        "customer": 0.011941877193748951,
        "tell": 0.01141358818858862,
        "service": 0.010615230537950993,
        "bad": 0.009226284921169281,
        "airline": 0.008322353474795818,
        "cancel": 0.008015401661396027,
        "say": 0.007993650622665882,
        "ask": 0.0079908836632967
    },
    "3": {
        "flight": 0.025348277762532234,
        "lufthansa": 0.01809556409716606,
        "time": 0.016848953440785408,
        "good": 0.016813937574625015,
        "service": 0.01327393390238285,
        "fly": 0.011541592888534069,
        "food": 0.011420219205319881,
        "crew": 0.011148855090141296,
        "lh": 0.010655712336301804,
        "entertainment": 0.009925576858222485
    },
    "4": {
        "seat": 0.018656698986887932,
        "food": 0.015028472989797592,
        "flight": 0.014123999513685703,
        "service": 0.013425544835627079,
        "class": 0.012975485064089298,
        "good": 0.0127194719389081,
        "fra": 0.012219151481986046,
        "economy": 0.010311211459338665,
        "business": 0.009705842472612858,
        "old": 0.009578386321663857
    },
    "5": {
        "unlucky": 0.008572176098823547,
        "unsuccessfully": 0.008566400036215782,
        "ancient": 0.007890598848462105,
        "museum": 0.007890598848462105,
        "spicy": 0.0011661220341920853,
        "stranger": 0.0007771298405714333,
        "permanently": 0.0007771225064061582,
        "conceal": 0.000777116627432406,
        "latch": 0.0007771165110170841,
        "incidental": 0.0007771165110170841
    },
    "6": {
        "iah": 0.01579340733587742,
        "seat": 0.012910350225865841,
        "united": 0.012864971533417702,
        "chose": 0.01135312207043171,
        "ride": 0.011074785143136978,
        "dfw": 0.01055703405290842,
        "eld": 0.010149174369871616,
        "outdated": 0.010083995759487152,
        "lufthansa": 0.0100566316395998,
        "plane": 0.008081265725195408
    },
    "7": {
        "seat": 0.027253609150648117,
        "service": 0.020505568012595177,
        "good": 0.019733181223273277,
        "flight": 0.019224515184760094,
        "lh": 0.01712682470679283,
        "food": 0.015809785574674606,
        "class": 0.013673197478055954,
        "entertainment": 0.011392934247851372,
        "economy": 0.011155259795486927,
        "business": 0.010969395749270916
    },
    "8": {
        "flight": 0.01672111637890339,
        "time": 0.012090828269720078,
        "check": 0.011238480918109417,
        "gate": 0.009630811400711536,
        "delay": 0.009505840949714184,
        "boarding": 0.008752379566431046,
        "lufthansa": 0.008604434318840504,
        "airport": 0.008326916955411434,
        "passenger": 0.008087584748864174,
        "plane": 0.007515371777117252
    },
    "9": {
        "lh": 0.024799475446343422,
        "service": 0.01888669654726982,
        "flight": 0.016347210854291916,
        "food": 0.014826152473688126,
        "class": 0.014640072360634804,
        "good": 0.012902336195111275,
        "entertainment": 0.010976657271385193,
        "new": 0.010862668044865131,
        "seat": 0.010815921239554882,
        "expect": 0.009888910688459873
    }
}