{
    "0": {
        "flight": 0.007133930921554565,
        "crew": 0.0060092490166425705,
        "wine": 0.005342376418411732,
        "coffee": 0.005062771961092949,
        "water": 0.004513909574598074,
        "cdg": 0.0038048652932047844,
        "offer": 0.0037859126459807158,
        "juice": 0.0034405775368213654,
        "look": 0.003373706014826894,
        "air": 0.0030664042569696903
    },
    "1": {
        "flight": 0.01532488502562046,
        "air": 0.011618043296039104,
        "fly": 0.008419712074100971,
        "france": 0.008191206492483616,
        "cdg": 0.007395734079182148,
        "time": 0.0057181790471076965,
        "staff": 0.005708629731088877,
        "af": 0.0056660412810742855,
        "food": 0.005511709954589605,
        "passenger": 0.005281816236674786
    },
    "2": {
        "flight": 0.012251085601747036,
        "seat": 0.012208444997668266,
        "air": 0.010771547444164753,
        "service": 0.00870375894010067,
        "cdg": 0.008288903161883354,
        "time": 0.007776900194585323,
        "france": 0.006624426227062941,
        "food": 0.006538372486829758,
        "good": 0.006003113463521004,
        "crew": 0.005971760954707861
    },
    "3": {
        "flight": 0.010887275449931622,
        "seat": 0.007477873004972935,
        "crew": 0.007395550142973661,
        "service": 0.007143690250813961,
        "air": 0.006862494628876448,
        "af": 0.006804979871958494,
        "food": 0.005983311217278242,
        "plane": 0.005149486940354109,
        "class": 0.0051298295147717,
        "staff": 0.0049874731339514256
    },
    "4": {
        "flight": 0.013626227155327797,
        "class": 0.010594705119729042,
        "service": 0.010068099945783615,
        "business": 0.009556099772453308,
        "seat": 0.008955378085374832,
        "cdg": 0.008809363469481468,
        "time": 0.008373540826141834,
        "staff": 0.008012634702026844,
        "air": 0.007426909636706114,
        "food": 0.006878947839140892
    },
    "5": {
        "flight": 0.018893107771873474,
        "seat": 0.017499057576060295,
        "food": 0.016018524765968323,
        "good": 0.014877835288643837,
        "cdg": 0.012587306089699268,
        "service": 0.01193932630121708,
        "crew": 0.011777144856750965,
        "fly": 0.011171210557222366,
        "cabin": 0.009551990777254105,
        "time": 0.008638199418783188
    },
    "6": {
        "flight": 0.015656324103474617,
        "seat": 0.014794746413826942,
        "food": 0.010987050831317902,
        "good": 0.010150300338864326,
        "economy": 0.009458440355956554,
        "service": 0.008891439996659756,
        "time": 0.008421535603702068,
        "cdg": 0.008243691176176071,
        "fly": 0.007854626514017582,
        "air": 0.007307726424187422
    },
    "7": {
        "flight": 0.01483231782913208,
        "service": 0.010935080237686634,
        "time": 0.00926666334271431,
        "fly": 0.009205159731209278,
        "food": 0.008663211949169636,
        "good": 0.006319231819361448,
        "drink": 0.006136883515864611,
        "cdg": 0.006065317429602146,
        "serve": 0.006055023986846209,
        "air": 0.006027115508913994
    },
    "8": {
        "flight": 0.015578825026750565,
        "air": 0.012107571586966515,
        "time": 0.010195969603955746,
        "tell": 0.009836394339799881,
        "check": 0.009740694426000118,
        "france": 0.009616125375032425,
        "airport": 0.008257398381829262,
        "luggage": 0.008241122588515282,
        "arrive": 0.007695709355175495,
        "fly": 0.007674871012568474
    },
    "9": {
        "flight": 0.009882829152047634,
        "food": 0.007793278433382511,
        "time": 0.007347491569817066,
        "bad": 0.007323660887777805,
        "seat": 0.0072005800902843475,
        "fly": 0.006600511725991964,
        "plane": 0.005783119238913059,
        "like": 0.004840973298996687,
        "old": 0.0045253317803144455,
        "long": 0.004454378969967365
    }
}