{
    "0": {
        "Lack": 0.0020485271234065294,
        "puzzled": 0.0010695221135392785,
        "USD110": 0.0006950194365344942,
        "20,000": 0.0006768335588276386,
        "is!": 0.0006634118617512286,
        "que,": 0.0006534158019348979,
        "join": 0.0006201424985192716,
        "gross.": 0.0005960249691270292,
        "stamp": 0.0005265966174192727,
        "foreigner": 0.00044502789387479424
    },
    "1": {
        ",": 0.0030558817088603973,
        "refund": 0.003040962852537632,
        "either,": 0.0018438061233609915,
        "(4": 0.0016722019063308835,
        "YOU": 0.0015168078243732452,
        "TO": 0.001446213573217392,
        "August": 0.001443603541702032,
        "agent": 0.0014391356380656362,
        "Easy": 0.0013485412346199155,
        "fair.": 0.0013371617533266544
    },
    "2": {
        "itinerary.": 0.0019264371367171407,
        "Limited": 0.0017314811702817678,
        "IAH": 0.00168781285174191,
        "gesture": 0.0010833216365426779,
        "kind,": 0.001068589510396123,
        "Taipei.": 0.0010543551761657,
        "jewelry": 0.0010462043574079871,
        ",but": 0.0010422723134979606,
        "freaking": 0.0009534803102724254,
        "Space": 0.0008480755495838821
    },
    "3": {
        "discomfort": 0.0019547929987311363,
        "nowadays": 0.001468220492824912,
        "american": 0.0010096292244270444,
        "style,": 0.0008554328815080225,
        "Yantai": 0.0008536510867998004,
        "padding.": 0.0008484466816298664,
        "metal": 0.0007522464729845524,
        "crying": 0.000703483703546226,
        "Slow": 0.0006589120603166521,
        "layout.": 0.0006578887696377933
    },
    "4": {
        "Good": 0.005739664658904076,
        "staff.": 0.0024426826275885105,
        "Very": 0.0023892750032246113,
        "good": 0.0022629546001553535,
        "comfortable": 0.0022569536231458187,
        "Comfortable": 0.002019638894125819,
        "very": 0.0019169887527823448,
        "attentive": 0.0019033780554309487,
        "appetizing": 0.0018553094705566764,
        "Great": 0.0017081283731386065
    },
    "5": {
        "to": 0.029617441818118095,
        "the": 0.007898236624896526,
        "my": 0.007251754868775606,
        "me": 0.00665309140458703,
        "at": 0.0057074204087257385,
        "ticket": 0.005465037189424038,
        "for": 0.004466920625418425,
        "customer": 0.00433574803173542,
        "from": 0.003906519617885351,
        "and": 0.0033279031049460173
    },
    "6": {
        "extra.": 0.002920437604188919,
        "cold.": 0.0015531610697507858,
        "servers": 0.0015450844075530767,
        "longhaul": 0.0011276677250862122,
        "tries": 0.0011181364534422755,
        "\".": 0.0011064601130783558,
        "chinese.": 0.001089303637854755,
        "faces,": 0.0006811970379203558,
        "true,": 0.000679833407048136,
        "multilingual": 0.0006782447453588247
    },
    "7": {
        "Stockholm": 0.0024991941172629595,
        "SAS": 0.0022934942971915007,
        "relaxing": 0.0020884894765913486,
        "til": 0.0016503374790772796,
        "og": 0.0015491185477003455,
        "Oslo": 0.0015491185477003455,
        "Departed": 0.0015316561330109835,
        "delhi": 0.0014991615898907185,
        "\u2013": 0.0013356448616832495,
        "daughters": 0.0013312496012076735
    },
    "8": {
        "THE": 0.005731931421905756,
        "TO": 0.005173537880182266,
        "AND": 0.003554841037839651,
        "WITH": 0.0023819676134735346,
        "WAS": 0.00198929151520133,
        "CHINA": 0.0019609853625297546,
        "FOR": 0.0019572717137634754,
        "IN": 0.0018780609825626016,
        "BEIJING": 0.0017198758432641625,
        "ON": 0.0017038333462551236
    },
    "9": {
        "the": 0.041972946375608444,
        "to": 0.03392713516950607,
        "and": 0.030248770490288734,
        "was": 0.024166351184248924,
        "a": 0.020290980115532875,
        "I": 0.01945233717560768,
        "in": 0.014442470856010914,
        "of": 0.014164123684167862,
        "for": 0.01143968291580677,
        "flight": 0.011122917756438255
    }
}