{
    "0": {
        "social": 0.028686022385954857,
        "mask": 0.024806419387459755,
        "ceiling": 0.024339724332094193,
        "distancing": 0.02137938141822815,
        "refreshment": 0.016150906682014465,
        "wear": 0.011352327652275562,
        "compete": 0.010549362748861313,
        "cram": 0.0101698599755764,
        "typical": 0.00872612651437521,
        "trap": 0.007802935317158699
    },
    "1": {
        "flight": 0.022675136104226112,
        "cancel": 0.021970752626657486,
        "fly": 0.013082021847367287,
        "hotel": 0.012547441758215427,
        "airline": 0.01251251995563507,
        "delay": 0.012367364019155502,
        "trip": 0.011720485053956509,
        "airport": 0.010843230411410332,
        "customer": 0.010390250943601131,
        "book": 0.00970328040421009
    },
    "2": {
        "dissatisfied": 0.012221131473779678,
        "narita": 0.00990348495543003,
        "santo": 0.006665564142167568,
        "n": 0.006379307713359594,
        "sweet": 0.006208113860338926,
        "domingo": 0.005922459531575441,
        "starve": 0.005788873881101608,
        "abysmal": 0.005719296168535948,
        "lihue": 0.005621039774268866,
        "nrt": 0.005589962005615234
    },
    "3": {
        "abrupt": 0.01210317388176918,
        "codeshare": 0.009815054014325142,
        "highlight": 0.007836869917809963,
        "engage": 0.007499233819544315,
        "crisp": 0.007051564287394285,
        "san": 0.005812519695609808,
        "o": 0.005182565655559301,
        "tvs": 0.005031090695410967,
        "justify": 0.004692600108683109,
        "shoe": 0.004643881693482399
    },
    "4": {
        "fly": 0.017517156898975372,
        "flight": 0.017427610233426094,
        "seat": 0.015071322210133076,
        "airline": 0.01500799972563982,
        "check": 0.011292300187051296,
        "pay": 0.010981208644807339,
        "bag": 0.010058756917715073,
        "plane": 0.009586180560290813,
        "time": 0.008509690873324871,
        "bad": 0.007379293907433748
    },
    "5": {
        "competition": 0.016943540424108505,
        "unknown": 0.012432708404958248,
        "north": 0.008335849270224571,
        "welcoming": 0.007542904932051897,
        "natural": 0.004900956526398659,
        "terrific": 0.004777450114488602,
        "embarrass": 0.004590312950313091,
        "accomodation": 0.004115929361432791,
        "relationship": 0.003583130892366171,
        "uncontrollable": 0.0035805590450763702
    },
    "6": {
        "seat": 0.007174015045166016,
        "aa": 0.007011205889284611,
        "check": 0.006885074544698,
        "ask": 0.006345962639898062,
        "flight": 0.005972897168248892,
        "boarding": 0.00586402602493763,
        "go": 0.005304079502820969,
        "airline": 0.00527056772261858,
        "passenger": 0.005138234701007605,
        "travel": 0.0048991721123456955
    },
    "7": {
        "flight": 0.019708095118403435,
        "customer": 0.012475238181650639,
        "fly": 0.01225342508405447,
        "time": 0.012069928459823132,
        "airline": 0.011748988181352615,
        "service": 0.011219287291169167,
        "tell": 0.011178936809301376,
        "airport": 0.01028492022305727,
        "delay": 0.009970251470804214,
        "miss": 0.008927572518587112
    },
    "8": {
        "flight": 0.019887585192918777,
        "food": 0.018557123839855194,
        "seat": 0.018103422597050667,
        "good": 0.014489821158349514,
        "cabin": 0.013851779513061047,
        "service": 0.013684284873306751,
        "crew": 0.01352858915925026,
        "class": 0.012283135205507278,
        "entertainment": 0.011956479400396347,
        "drink": 0.011103929951786995
    },
    "9": {
        "flight": 0.021678954362869263,
        "delay": 0.020432665944099426,
        "plane": 0.01778341829776764,
        "time": 0.014535670168697834,
        "fly": 0.01336605753749609,
        "wait": 0.012592906132340431,
        "gate": 0.012424820102751255,
        "airline": 0.01129865925759077,
        "board": 0.009897235780954361,
        "leave": 0.00941833108663559
    }
}