{
    "0": {
        "movie": 0.06071675941348076,
        "entertainment": 0.034464284777641296,
        "screen": 0.02821950986981392,
        "free": 0.028141150251030922,
        "tv": 0.027508391067385674,
        "watch": 0.025541087612509727,
        "seat": 0.020474012941122055,
        "wifi": 0.018682856112718582,
        "selection": 0.017237866297364235,
        "new": 0.015084653161466122
    },
    "1": {
        "emergency": 0.020812470465898514,
        "medical": 0.018869634717702866,
        "fall": 0.01605120860040188,
        "interested": 0.01319480687379837,
        "recognize": 0.011372682638466358,
        "focus": 0.011331619694828987,
        "competent": 0.010941068641841412,
        "half": 0.010865884833037853,
        "savannah": 0.01038722600787878,
        "hurricane": 0.009766900911927223
    },
    "2": {
        "seat": 0.030249541625380516,
        "class": 0.02274237759411335,
        "delta": 0.022653652355074883,
        "fly": 0.02241694927215576,
        "flight": 0.020532477647066116,
        "economy": 0.0191847775131464,
        "comfort": 0.01730254292488098,
        "airline": 0.015364279970526695,
        "upgrade": 0.014678055420517921,
        "leg": 0.014108825474977493
    },
    "3": {
        "flight": 0.03414575010538101,
        "delay": 0.03411765769124031,
        "time": 0.02137400582432747,
        "arrive": 0.01774045266211033,
        "delta": 0.016967270523309708,
        "airport": 0.016685467213392258,
        "leave": 0.015499671921133995,
        "connect": 0.014752654358744621,
        "late": 0.014395968057215214,
        "plane": 0.014314517378807068
    },
    "4": {
        "delta": 0.04514937102794647,
        "flight": 0.040646642446517944,
        "fly": 0.03604945167899132,
        "service": 0.029527563601732254,
        "airline": 0.023984363302588463,
        "time": 0.022806400433182716,
        "good": 0.020463857799768448,
        "great": 0.0197185967117548,
        "experience": 0.016311155632138252,
        "staff": 0.015277232974767685
    },
    "5": {
        "food": 0.027900325134396553,
        "meal": 0.019659338518977165,
        "drink": 0.0176666509360075,
        "serve": 0.01717284694314003,
        "snack": 0.015842687338590622,
        "water": 0.014817735180258751,
        "offer": 0.010596773587167263,
        "class": 0.010460857301950455,
        "sleep": 0.010239520110189915,
        "cabin": 0.008927366696298122
    },
    "6": {
        "wheelchair": 0.03260340541601181,
        "chair": 0.02541678212583065,
        "club": 0.022045493125915527,
        "assistance": 0.019288506358861923,
        "honolulu": 0.019243573769927025,
        "wheel": 0.0173849705606699,
        "sky": 0.01532195508480072,
        "salt": 0.014623109251260757,
        "lake": 0.013308588415384293,
        "hawaii": 0.013020816259086132
    },
    "7": {
        "check": 0.04384652525186539,
        "bag": 0.04133957251906395,
        "luggage": 0.024492764845490456,
        "boarding": 0.024013103917241096,
        "baggage": 0.023752236738801003,
        "carry": 0.017786696553230286,
        "gate": 0.014764264225959778,
        "overhead": 0.012604673393070698,
        "board": 0.012534835375845432,
        "line": 0.012422985397279263
    },
    "8": {
        "flight": 0.057071056216955185,
        "time": 0.032608773559331894,
        "good": 0.03035699762403965,
        "seat": 0.026785776019096375,
        "service": 0.024321338161826134,
        "friendly": 0.020818307995796204,
        "attendant": 0.020738741382956505,
        "comfortable": 0.019287575036287308,
        "great": 0.018702728673815727,
        "food": 0.01807320863008499
    },
    "9": {
        "delta": 0.013039002195000648,
        "tell": 0.010954936034977436,
        "flight": 0.010901667177677155,
        "customer": 0.009384925477206707,
        "say": 0.008826236240565777,
        "ask": 0.008495965041220188,
        "fly": 0.00785860512405634,
        "seat": 0.007708478718996048,
        "airline": 0.007417150307446718,
        "service": 0.006998689379543066
    }
}