{
    "0": {
        "flight": 0.017567245289683342,
        "food": 0.014513565227389336,
        "seat": 0.011872597970068455,
        "good": 0.010494569316506386,
        "crew": 0.009670760482549667,
        "time": 0.008958241902291775,
        "plane": 0.008489647880196571,
        "cabin": 0.007298834156244993,
        "air": 0.006844217423349619,
        "movie": 0.006446485873311758
    },
    "1": {
        "incheon": 0.007787483278661966,
        "eat": 0.0054583195596933365,
        "sunny": 0.005383502226322889,
        "consume": 0.004404224455356598,
        "animal": 0.003837843658402562,
        "salt": 0.0035770596005022526,
        "behold": 0.003440284635871649,
        "yul": 0.0034351602662354708,
        "unbearable": 0.0034316701348870993,
        "plain": 0.0032487863209098577
    },
    "2": {
        "cdg": 0.014537214301526546,
        "ear": 0.007919884286820889,
        "flier": 0.005529244430363178,
        "positively": 0.005475928075611591,
        "aggressive": 0.004938766360282898,
        "ish": 0.004524442367255688,
        "reroute": 0.004469302482903004,
        "mask": 0.004411749076098204,
        "challenge": 0.004231730941683054,
        "entitle": 0.003692342434078455
    },
    "3": {
        "flight": 0.022940684109926224,
        "food": 0.021758822724223137,
        "good": 0.018323667347431183,
        "seat": 0.015812834724783897,
        "service": 0.015699349343776703,
        "air": 0.014212459325790405,
        "fly": 0.012444373220205307,
        "entertainment": 0.012031898833811283,
        "airline": 0.011337313801050186,
        "time": 0.011284437961876392
    },
    "4": {
        "north": 0.0053298138082027435,
        "passanger": 0.004705247934907675,
        "hospitality": 0.004703524988144636,
        "south": 0.004701051861047745,
        "trap": 0.004694401752203703,
        "communal": 0.0042137266136705875,
        "kosher": 0.004036012105643749,
        "contrary": 0.004034640267491341,
        "doubt": 0.003859475255012512,
        "perception": 0.0036428337916731834
    },
    "5": {
        "flight": 0.011328267864882946,
        "seat": 0.00891264621168375,
        "attendant": 0.007408689241856337,
        "food": 0.007286191917955875,
        "time": 0.006785818375647068,
        "meal": 0.006760281044989824,
        "airline": 0.006249759346246719,
        "request": 0.005600582808256149,
        "plane": 0.0055725108832120895,
        "ask": 0.005513018928468227
    },
    "6": {
        "mode": 0.016746914014220238,
        "phone": 0.015404591336846352,
        "mobile": 0.009446813724935055,
        "food": 0.009305299259722233,
        "bad": 0.009275607764720917,
        "use": 0.009049205109477043,
        "airplane": 0.008594544604420662,
        "flight": 0.007719645742326975,
        "allow": 0.007550164591521025,
        "airline": 0.007331159897148609
    },
    "7": {
        "staff": 0.013241671025753021,
        "flight": 0.012393434531986713,
        "air": 0.010127048939466476,
        "time": 0.009354538284242153,
        "fly": 0.008409072645008564,
        "food": 0.008380323648452759,
        "service": 0.008107941597700119,
        "airline": 0.007793523371219635,
        "check": 0.007603001780807972,
        "bad": 0.00738898478448391
    },
    "8": {
        "flight": 0.014595395885407925,
        "time": 0.009253374300897121,
        "food": 0.008994960226118565,
        "air": 0.008979038335382938,
        "airline": 0.007336016744375229,
        "seat": 0.006594397593289614,
        "passenger": 0.0065455189906060696,
        "bad": 0.006488647311925888,
        "staff": 0.006428742781281471,
        "long": 0.006425953004509211
    },
    "9": {
        "flight": 0.014851745218038559,
        "air": 0.011783416382968426,
        "airline": 0.010077043436467648,
        "airport": 0.009406302124261856,
        "delay": 0.00837778765708208,
        "service": 0.008262306451797485,
        "china": 0.008221217431128025,
        "time": 0.00820224266499281,
        "fly": 0.007915551774203777,
        "bad": 0.007799659390002489
    }
}